[WATCH] 见码后应打印 PASS: interrupt OK
[WATCH] listen_status: phase=route_idle;px=0.0000;py=0.0000;pz=0.0000;nm=0;pause=0;bench=1;armed=0;cmd=102
[WATCH] listen_status: phase=route_idle;px=0.0000;py=0.0000;pz=0.0000;nm=0;pause=0;bench=1;armed=0;cmd=102
[WATCH] listen_status: phase=route_idle;px=0.0000;py=0.0000;pz=0.0000;nm=0;pause=0;bench=1;armed=0;cmd=102
[WATCH] listen_status: phase=route_idle;px=0.0000;py=0.0000;pz=0.0000;nm=0;pause=0;bench=1;armed=0;cmd=102
[WATCH] listen_status: phase=route_idle;px=0.0000;py=0.0000;pz=0.0000;nm=0;pause=0;bench=1;armed=0;cmd=102
[WATCH] listen_status: phase=route_idle;px=0.0000;py=0.0000;pz=0.0000;nm=0;pause=0;bench=1;armed=0;cmd=102
[WATCH] listen_status: phase=route_idle;px=0.0000;py=0.0000;pz=0.0000;nm=0;pause=0;bench=1;armed=0;cmd=102
[WATCH] listen_status: phase=route_idle;px=0.0000;py=0.0000;pz=0.0000;nm=0;pause=0;bench=1;armed=0;cmd=102
[WATCH] listen_status: phase=route_idle;px=0.0000;py=0.0000;pz=0.0000;nm=0;pause=0;bench=1;armed=0;cmd=102
[WATCH] listen_status: phase=route_idle;px=0.0000;py=0.0000;pz=0.0000;nm=0;pause=0;bench=1;armed=0;cmd=102
[WATCH] listen_status: phase=route_idle;px=0.0000;py=0.0000;pz=0.0000;nm=0;pause=0;bench=1;armed=0;cmd=102
[WATCH] listen_status: phase=route_idle;px=0.0000;py=0.0000;pz=0.0000;nm=0;pause=0;bench=1;armed=0;cmd=102
[WATCH] listen_status: phase=route_idle;px=0.0000;py=0.0000;pz=0.0000;nm=0;pause=0;bench=1;armed=0;cmd=102
[WATCH] listen_status: phase=route_idle;px=0.0000;py=0.0000;pz=0.0000;nm=0;pause=0;bench=1;armed=0;cmd=102
[WATCH] listen_status: phase=route_idle;px=0.0000;py=0.0000;pz=0.0000;nm=0;pause=0;bench=1;armed=0;cmd=102
[WATCH] listen_status: phase=route_idle;px=0.0000;py=0.0000;pz=0.0000;nm=0;pause=0;bench=1;armed=0;cmd=102
[WATCH] listen_status: phase=route_idle;px=0.0000;py=0.0000;pz=0.0000;nm=0;pause=0;bench=1;armed=0;cmd=102
[WATCH] listen_status: phase=route_idle;px=0.0000;py=0.0000;pz=0.0000;nm=0;pause=0;bench=1;armed=0;cmd=102
[WATCH] listen_status: phase=route_idle;px=0.0000;py=0.0000;pz=0.0000;nm=0;pause=0;bench=1;armed=0;cmd=102
[WATCH] listen_status: phase=route_idle;px=0.0000;py=0.0000;pz=0.0000;nm=0;pause=0;bench=1;armed=0;cmd=102
[WATCH] listen_status: phase=route_idle;px=0.0000;py=0.0000;pz=0.0000;nm=0;pause=0;bench=1;armed=0;cmd=102
[WATCH] listen_status: phase=route_idle;px=0.0000;py=0.0000;pz=0.0000;nm=0;pause=0;bench=1;armed=0;cmd=102
[WATCH] listen_status: phase=route_idle;px=0.0000;py=0.0000;pz=0.0000;nm=0;pause=0;bench=1;armed=0;cmd=102
[WATCH] listen_status: phase=route_idle;px=0.0000;py=0.0000;pz=0.0000;nm=0;pause=0;bench=1;armed=0;cmd=102
[WATCH] listen_status: phase=route_idle;px=0.0000;py=0.0000;pz=0.0000;nm=0;pause=0;bench=1;armed=0;cmd=102
[WATCH] listen_status: phase=route_idle;px=0.0000;py=0.0000;pz=0.0000;nm=0;pause=0;bench=1;armed=0;cmd=102
[WATCH] listen_status: phase=route_idle;px=0.0000;py=0.0000;pz=0.0000;nm=0;pause=0;bench=1;armed=0;cmd=102
[WATCH] listen_status: phase=route_idle;px=0.0000;py=0.0000;pz=0.0000;nm=0;pause=0;bench=1;armed=0;cmd=102
[WATCH] listen_status: phase=route_idle;px=0.0000;py=0.0000;pz=0.0000;nm=0;pause=0;bench=1;armed=0;cmd=102
[WATCH] listen_status: phase=route_idle;px=0.0000;py=0.0000;pz=0.0000;nm=0;pause=0;bench=1;armed=0;cmd=102
[WATCH] listen_status: phase=route_idle;px=0.0000;py=0.0000;pz=0.0000;nm=0;pause=0;bench=1;armed=0;cmd=102
[WATCH] listen_status: phase=route_idle;px=0.0000;py=0.0000;pz=0.0000;nm=0;pause=0;bench=1;armed=0;cmd=102
[WATCH] listen_status: phase=route_idle;px=0.0000;py=0.0000;pz=0.0000;nm=0;pause=0;bench=1;armed=0;cmd=102
[WATCH] listen_status: phase=route_idle;px=0.0000;py=0.0000;pz=0.0000;nm=0;pause=0;bench=1;armed=0;cmd=102
[WATCH] listen_status: phase=route_idle;px=0.0000;py=0.0000;pz=0.0000;nm=0;pause=0;bench=1;armed=0;cmd=102
[WATCH] listen_status: phase=route_idle;px=0.0000;py=0.0000;pz=0.0000;nm=0;pause=0;bench=1;armed=0;cmd=102
[WATCH] listen_status: phase=route_idle;px=0.0000;py=0.0000;pz=0.0000;nm=0;pause=0;bench=1;armed=0;cmd=102
[WATCH] listen_status: phase=route_idle;px=0.0000;py=0.0000;pz=0.0000;nm=0;pause=0;bench=1;armed=0;cmd=102
[WATCH] listen_status: phase=route_idle;px=0.0000;py=0.0000;pz=0.0000;nm=0;pause=0;bench=1;armed=0;cmd=102
[WATCH] listen_status: phase=route_idle;px=0.0000;py=0.0000;pz=0.0000;nm=0;pause=0;bench=1;armed=0;cmd=102
[WATCH] listen_status: phase=route_idle;px=0.0000;py=0.0000;pz=0.0000;nm=0;pause=0;bench=1;armed=0;cmd=102
[WATCH] listen_status: phase=route_idle;px=0.0000;py=0.0000;pz=0.0000;nm=0;pause=0;bench=1;armed=0;cmd=102
[WATCH] listen_status: phase=route_idle;px=0.0000;py=0.0000;pz=0.0000;nm=0;pause=0;bench=1;armed=0;cmd=102
[WATCH] listen_status: phase=route_idle;px=0.0000;py=0.0000;pz=0.0000;nm=0;pause=0;bench=1;armed=0;cmd=102
[WATCH] listen_status: phase=route_idle;px=0.0000;py=0.0000;pz=0.0000;nm=0;pause=0;bench=1;armed=0;cmd=102
[WATCH] listen_status: phase=route_idle;px=0.0000;py=0.0000;pz=0.0000;nm=0;pause=0;bench=1;armed=0;cmd=102
[WATCH] listen_status: phase=route_idle;px=0.0000;py=0.0000;pz=0.0000;nm=0;pause=0;bench=1;armed=0;cmd=102
[WATCH] listen_status: phase=route_idle;px=0.0000;py=0.0000;pz=0.0000;nm=0;pause=0;bench=1;armed=0;cmd=102
[WATCH] listen_status: phase=route_idle;px=0.0000;py=0.0000;pz=0.0000;nm=0;pause=0;bench=1;armed=0;cmd=102
[WATCH] listen_status: phase=route_idle;px=0.0000;py=0.0000;pz=0.0000;nm=0;pause=0;bench=1;armed=0;cmd=102
[WATCH] listen_status: phase=route_idle;px=0.0000;py=0.0000;pz=0.0000;nm=0;pause=0;bench=1;armed=0;cmd=102
[WATCH] listen_status: phase=route_idle;px=0.0000;py=0.0000;pz=0.0000;nm=0;pause=0;bench=1;armed=0;cmd=102
[WATCH] listen_status: phase=route_idle;px=0.0000;py=0.0000;pz=0.0000;nm=0;pause=0;bench=1;armed=0;cmd=102
[WATCH] listen_status: phase=route_idle;px=0.0000;py=0.0000;pz=0.0000;nm=0;pause=0;bench=1;armed=0;cmd=102
[WATCH] listen_status: phase=route_idle;px=0.0000;py=0.0000;pz=0.0000;nm=0;pause=0;bench=1;armed=0;cmd=102
[WATCH] listen_status: phase=route_idle;px=0.0000;py=0.0000;pz=0.0000;nm=0;pause=0;bench=1;armed=0;cmd=102
[WATCH] listen_status: phase=route_idle;px=0.0000;py=0.0000;pz=0.0000;nm=0;pause=0;bench=1;armed=0;cmd=102
[WATCH] listen_status: phase=route_idle;px=0.0000;py=0.0000;pz=0.0000;nm=0;pause=0;bench=1;armed=0;cmd=102
[WATCH] listen_status: phase=route_idle;px=0.0000;py=0.0000;pz=0.0000;nm=0;pause=0;bench=1;armed=0;cmd=102
[WATCH] listen_status: phase=route_idle;px=0.0000;py=0.0000;pz=0.0000;nm=0;pause=0;bench=1;armed=0;cmd=102
[WATCH] listen_status: phase=route_idle;px=0.0000;py=0.0000;pz=0.0000;nm=0;pause=0;bench=1;armed=0;cmd=102
[WATCH] listen_status: phase=route_idle;px=0.0000;py=0.0000;pz=0.0000;nm=0;pause=0;bench=1;armed=0;cmd=102
[WATCH] listen_status: phase=route_idle;px=0.0000;py=0.0000;pz=0.0000;nm=0;pause=0;bench=1;armed=0;cmd=102
[WATCH] listen_status: phase=route_idle;px=0.0000;py=0.0000;pz=0.0000;nm=0;pause=0;bench=1;armed=0;cmd=102
[WATCH] listen_status: phase=route_idle;px=0.0000;py=0.0000;pz=0.0000;nm=0;pause=0;bench=1;armed=0;cmd=102
[WATCH] listen_status: phase=route_idle;px=0.0000;py=0.0000;pz=0.0000;nm=0;pause=0;bench=1;armed=0;cmd=102
[WATCH] listen_status: phase=route_idle;px=0.0000;py=0.0000;pz=0.0000;nm=0;pause=0;bench=1;armed=0;cmd=102
[WATCH] listen_status: phase=route_idle;px=0.0000;py=0.0000;pz=0.0000;nm=0;pause=0;bench=1;armed=0;cmd=102
[WATCH] listen_status: phase=route_idle;px=0.0000;py=0.0000;pz=0.0000;nm=0;pause=0;bench=1;armed=0;cmd=102
[WATCH] listen_status: phase=route_idle;px=0.0000;py=0.0000;pz=0.0000;nm=0;pause=0;bench=1;armed=0;cmd=102
[WATCH] listen_status: phase=route_idle;px=0.0000;py=0.0000;pz=0.0000;nm=0;pause=0;bench=1;armed=0;cmd=102
[WATCH] listen_status: phase=route_idle;px=0.0000;py=0.0000;pz=0.0000;nm=0;pause=0;bench=1;armed=0;cmd=102
[WATCH] listen_status: phase=route_idle;px=0.0000;py=0.0000;pz=0.0000;nm=0;pause=0;bench=1;armed=0;cmd=102
[WATCH] listen_status: phase=route_idle;px=0.0000;py=0.0000;pz=0.0000;nm=0;pause=0;bench=1;armed=0;cmd=102
[WATCH] listen_status: phase=route_idle;px=0.0000;py=0.0000;pz=0.0000;nm=0;pause=0;bench=1;armed=0;cmd=102
[WATCH] listen_status: phase=route_idle;px=0.0000;py=0.0000;pz=0.0000;nm=0;pause=0;bench=1;armed=0;cmd=102
[WATCH] listen_status: phase=route_idle;px=0.0000;py=0.0000;pz=0.0000;nm=0;pause=0;bench=1;armed=0;cmd=102
[WATCH] listen_status: phase=route_idle;px=0.0000;py=0.0000;pz=0.0000;nm=0;pause=0;bench=1;armed=0;cmd=102
[WATCH] listen_status: phase=route_idle;px=0.0000;py=0.0000;pz=0.0000;nm=0;pause=0;bench=1;armed=0;cmd=102
[WATCH] listen_status: phase=route_idle;px=0.0000;py=0.0000;pz=0.0000;nm=0;pause=0;bench=1;armed=0;cmd=102
[WATCH] listen_status: phase=route_idle;px=0.0000;py=0.0000;pz=0.0000;nm=0;pause=0;bench=1;armed=0;cmd=102
[WATCH] listen_status: phase=route_idle;px=0.0000;py=0.0000;pz=0.0000;nm=0;pause=0;bench=1;armed=0;cmd=102
[WATCH] listen_status: phase=route_idle;px=0.0000;py=0.0000;pz=0.0000;nm=0;pause=0;bench=1;armed=0;cmd=102
[WATCH] listen_status: phase=route_idle;px=0.0000;py=0.0000;pz=0.0000;nm=0;pause=0;bench=1;armed=0;cmd=102
[WATCH] listen_status: phase=route_idle;px=0.0000;py=0.0000;pz=0.0000;nm=0;pause=0;bench=1;armed=0;cmd=102
[WATCH] listen_status: phase=route_idle;px=0.0000;py=0.0000;pz=0.0000;nm=0;pause=0;bench=1;armed=0;cmd=102
[WATCH] listen_status: phase=route_idle;px=0.0000;py=0.0000;pz=0.0000;nm=0;pause=0;bench=1;armed=0;cmd=102
[WATCH] listen_status: phase=route_idle;px=0.0000;py=0.0000;pz=0.0000;nm=0;pause=0;bench=1;armed=0;cmd=102
[WATCH] listen_status: phase=route_idle;px=0.0000;py=0.0000;pz=0.0000;nm=0;pause=0;bench=1;armed=0;cmd=102
[WATCH] listen_status: phase=route_idle;px=0.0000;py=0.0000;pz=0.0000;nm=0;pause=0;bench=1;armed=0;cmd=102
[WATCH] listen_status: phase=route_idle;px=0.0000;py=0.0000;pz=0.0000;nm=0;pause=0;bench=1;armed=0;cmd=102
[WATCH] listen_status: phase=route_idle;px=0.0000;py=0.0000;pz=0.0000;nm=0;pause=0;bench=1;armed=0;cmd=102
[WATCH] listen_status: phase=route_idle;px=0.0000;py=0.0000;pz=0.0000;nm=0;pause=0;bench=1;armed=0;cmd=102
[WATCH] listen_status: phase=route_idle;px=0.0000;py=0.0000;pz=0.0000;nm=0;pause=0;bench=1;armed=0;cmd=102
[WATCH] listen_status: phase=route_idle;px=0.0000;py=0.0000;pz=0.0000;nm=0;pause=0;bench=1;armed=0;cmd=102
[WATCH] listen_status: phase=route_idle;px=0.0000;py=0.0000;pz=0.0000;nm=0;pause=0;bench=1;armed=0;cmd=102
[WATCH] listen_status: phase=route_idle;px=0.0000;py=0.0000;pz=0.0000;nm=0;pause=0;bench=1;armed=0;cmd=102
[WATCH] listen_status: phase=route_idle;px=0.0000;py=0.0000;pz=0.0000;nm=0;pause=0;bench=1;armed=0;cmd=102
[WATCH] listen_status: phase=route_idle;px=0.0000;py=0.0000;pz=0.0000;nm=0;pause=0;bench=1;armed=0;cmd=102
[WATCH] listen_status: phase=route_idle;px=0.0000;py=0.0000;pz=0.0000;nm=0;pause=0;bench=1;armed=0;cmd=102
[WATCH] listen_status: phase=route_idle;px=0.0000;py=0.0000;pz=0.0000;nm=0;pause=0;bench=1;armed=0;cmd=102
[WATCH] listen_status: phase=route_idle;px=0.0000;py=0.0000;pz=0.0000;nm=0;pause=0;bench=1;armed=0;cmd=102
[WATCH] listen_status: phase=route_idle;px=0.0000;py=0.0000;pz=0.0000;nm=0;pause=0;bench=1;armed=0;cmd=102
[WATCH] listen_status: phase=route_idle;px=0.0000;py=0.0000;pz=0.0000;nm=0;pause=0;bench=1;armed=0;cmd=102
[WATCH] listen_status: phase=route_idle;px=0.0000;py=0.0000;pz=0.0000;nm=0;pause=0;bench=1;armed=0;cmd=102
[WATCH] listen_status: phase=route_idle;px=0.0000;py=0.0000;pz=0.0000;nm=0;pause=0;bench=1;armed=0;cmd=102
[WATCH] listen_status: phase=route_idle;px=0.0000;py=0.0000;pz=0.0000;nm=0;pause=0;bench=1;armed=0;cmd=102
[WATCH] listen_status: phase=route_idle;px=0.0000;py=0.0000;pz=0.0000;nm=0;pause=0;bench=1;armed=0;cmd=102
[WATCH] listen_status: phase=route_idle;px=0.0000;py=0.0000;pz=0.0000;nm=0;pause=0;bench=1;armed=0;cmd=102
[WATCH] listen_status: phase=route_idle;px=0.0000;py=0.0000;pz=0.0000;nm=0;pause=0;bench=1;armed=0;cmd=102
[WATCH] listen_status: phase=route_idle;px=0.0000;py=0.0000;pz=0.0000;nm=0;pause=0;bench=1;armed=0;cmd=102
[WATCH] listen_status: phase=route_idle;px=0.0000;py=0.0000;pz=0.0000;nm=0;pause=0;bench=1;armed=0;cmd=102
[WATCH] listen_status: phase=route_idle;px=0.0000;py=0.0000;pz=0.0000;nm=0;pause=0;bench=1;armed=0;cmd=102
[WATCH] listen_status: phase=route_idle;px=0.0000;py=0.0000;pz=0.0000;nm=0;pause=0;bench=1;armed=0;cmd=102
[WATCH] listen_status: phase=route_idle;px=0.0000;py=0.0000;pz=0.0000;nm=0;pause=0;bench=1;armed=0;cmd=102
[WATCH] listen_status: phase=route_idle;px=0.0000;py=0.0000;pz=0.0000;nm=0;pause=0;bench=1;armed=0;cmd=102
[WATCH] listen_status: phase=route_idle;px=0.0000;py=0.0000;pz=0.0000;nm=0;pause=0;bench=1;armed=0;cmd=102
[WATCH] listen_status: phase=route_idle;px=0.0000;py=0.0000;pz=0.0000;nm=0;pause=0;bench=1;armed=0;cmd=102
[WATCH] listen_status: phase=route_idle;px=0.0000;py=0.0000;pz=0.0000;nm=0;pause=0;bench=1;armed=0;cmd=102
[WATCH] listen_status: phase=route_idle;px=0.0000;py=0.0000;pz=0.0000;nm=0;pause=0;bench=1;armed=0;cmd=102
[WATCH] listen_status: phase=route_idle;px=0.0000;py=0.0000;pz=0.0000;nm=0;pause=0;bench=1;armed=0;cmd=102
[WATCH] listen_status: phase=route_idle;px=0.0000;py=0.0000;pz=0.0000;nm=0;pause=0;bench=1;armed=0;cmd=102
[WATCH] listen_status: phase=route_idle;px=0.0000;py=0.0000;pz=0.0000;nm=0;pause=0;bench=1;armed=0;cmd=102
[WATCH] listen_status: phase=route_idle;px=0.0000;py=0.0000;pz=0.0000;nm=0;pause=0;bench=1;armed=0;cmd=102
[WATCH] listen_status: phase=route_idle;px=0.0000;py=0.0000;pz=0.0000;nm=0;pause=0;bench=1;armed=0;cmd=102
[WATCH] listen_status: phase=route_idle;px=0.0000;py=0.0000;pz=0.0000;nm=0;pause=0;bench=1;armed=0;cmd=102
[WATCH] listen_status: phase=route_idle;px=0.0000;py=0.0000;pz=0.0000;nm=0;pause=0;bench=1;armed=0;cmd=102
[WATCH] listen_status: phase=route_idle;px=0.0000;py=0.0000;pz=0.0000;nm=0;pause=0;bench=1;armed=0;cmd=102
[WATCH] listen_status: phase=route_idle;px=0.0000;py=0.0000;pz=0.0000;nm=0;pause=0;bench=1;armed=0;cmd=102
[WATCH] listen_status: phase=route_idle;px=0.0000;py=0.0000;pz=0.0000;nm=0;pause=0;bench=1;armed=0;cmd=102
[WATCH] listen_status: phase=route_idle;px=0.0000;py=0.0000;pz=0.0000;nm=0;pause=0;bench=1;armed=0;cmd=102
[WATCH] listen_status: phase=route_idle;px=0.0000;py=0.0000;pz=0.0000;nm=0;pause=0;bench=1;armed=0;cmd=102
[WATCH] listen_status: phase=route_idle;px=0.0000;py=0.0000;pz=0.0000;nm=0;pause=0;bench=1;armed=0;cmd=102
[WATCH] listen_status: phase=route_idle;px=0.0000;py=0.0000;pz=0.0000;nm=0;pause=0;bench=1;armed=0;cmd=102
[WATCH] listen_status: phase=route_idle;px=0.0000;py=0.0000;pz=0.0000;nm=0;pause=0;bench=1;armed=0;cmd=102
[WATCH] listen_status: phase=route_idle;px=0.0000;py=0.0000;pz=0.0000;nm=0;pause=0;bench=1;armed=0;cmd=102
[WATCH] listen_status: phase=route_idle;px=0.0000;py=0.0000;pz=0.0000;nm=0;pause=0;bench=1;armed=0;cmd=102
[WATCH] listen_status: phase=route_idle;px=0.0000;py=0.0000;pz=0.0000;nm=0;pause=0;bench=1;armed=0;cmd=102
[WATCH] listen_status: phase=route_idle;px=0.0000;py=0.0000;pz=0.0000;nm=0;pause=0;bench=1;armed=0;cmd=102
[WATCH] listen_status: phase=route_idle;px=0.0000;py=0.0000;pz=0.0000;nm=0;pause=0;bench=1;armed=0;cmd=102
[WATCH] listen_status: phase=route_idle;px=0.0000;py=0.0000;pz=0.0000;nm=0;pause=0;bench=1;armed=0;cmd=102
[WATCH] listen_status: phase=route_idle;px=0.0000;py=0.0000;pz=0.0000;nm=0;pause=0;bench=1;armed=0;cmd=102
[WATCH] listen_status: phase=route_idle;px=0.0000;py=0.0000;pz=0.0000;nm=0;pause=0;bench=1;armed=0;cmd=102
[WATCH] listen_status: phase=route_idle;px=0.0000;py=0.0000;pz=0.0000;nm=0;pause=0;bench=1;armed=0;cmd=102
[WATCH] listen_status: phase=route_idle;px=0.0000;py=0.0000;pz=0.0000;nm=0;pause=0;bench=1;armed=0;cmd=102
[WATCH] listen_status: phase=route_idle;px=0.0000;py=0.0000;pz=0.0000;nm=0;pause=0;bench=1;armed=0;cmd=102
[WATCH] listen_status: phase=route_idle;px=0.0000;py=0.0000;pz=0.0000;nm=0;pause=0;bench=1;armed=0;cmd=102
[WATCH] listen_status: phase=route_idle;px=0.0000;py=0.0000;pz=0.0000;nm=0;pause=0;bench=1;armed=0;cmd=102
[WATCH] listen_status: phase=route_idle;px=0.0000;py=0.0000;pz=0.0000;nm=0;pause=0;bench=1;armed=0;cmd=102
[WATCH] listen_status: phase=route_idle;px=0.0000;py=0.0000;pz=0.0000;nm=0;pause=0;bench=1;armed=0;cmd=102
[WATCH] listen_status: phase=route_idle;px=0.0000;py=0.0000;pz=0.0000;nm=0;pause=0;bench=1;armed=0;cmd=102
[WATCH] listen_status: phase=route_idle;px=0.0000;py=0.0000;pz=0.0000;nm=0;pause=0;bench=1;armed=0;cmd=102
[WATCH] listen_status: phase=route_idle;px=0.0000;py=0.0000;pz=0.0000;nm=0;pause=0;bench=1;armed=0;cmd=102
[WATCH] listen_status: phase=route_idle;px=0.0000;py=0.0000;pz=0.0000;nm=0;pause=0;bench=1;armed=0;cmd=102
[WATCH] listen_status: phase=route_idle;px=0.0000;py=0.0000;pz=0.0000;nm=0;pause=0;bench=1;armed=0;cmd=102
[WATCH] listen_status: phase=route_idle;px=0.0000;py=0.0000;pz=0.0000;nm=0;pause=0;bench=1;armed=0;cmd=102
[WATCH] listen_status: phase=route_idle;px=0.0000;py=0.0000;pz=0.0000;nm=0;pause=0;bench=1;armed=0;cmd=102
[WATCH] listen_status: phase=route_idle;px=0.0000;py=0.0000;pz=0.0000;nm=0;pause=0;bench=1;armed=0;cmd=102
[WATCH] listen_status: phase=route_idle;px=0.0000;py=0.0000;pz=0.0000;nm=0;pause=0;bench=1;armed=0;cmd=102
[WATCH] listen_status: phase=route_idle;px=0.0000;py=0.0000;pz=0.0000;nm=0;pause=0;bench=1;armed=0;cmd=102
[WATCH] listen_status: phase=route_idle;px=0.0000;py=0.0000;pz=0.0000;nm=0;pause=0;bench=1;armed=0;cmd=102
[WATCH] listen_status: phase=route_idle;px=0.0000;py=0.0000;pz=0.0000;nm=0;pause=0;bench=1;armed=0;cmd=102
[WATCH] listen_status: phase=route_idle;px=0.0000;py=0.0000;pz=0.0000;nm=0;pause=0;bench=1;armed=0;cmd=102
[WATCH] listen_status: phase=route_idle;px=0.0000;py=0.0000;pz=0.0000;nm=0;pause=0;bench=1;armed=0;cmd=102
[WATCH] listen_status: phase=route_idle;px=0.0000;py=0.0000;pz=0.0000;nm=0;pause=0;bench=1;armed=0;cmd=102
[WATCH] listen_status: phase=route_idle;px=0.0000;py=0.0000;pz=0.0000;nm=0;pause=0;bench=1;armed=0;cmd=102
[WATCH] listen_status: phase=route_idle;px=0.0000;py=0.0000;pz=0.0000;nm=0;pause=0;bench=1;armed=0;cmd=102
[WATCH] listen_status: phase=route_idle;px=0.0000;py=0.0000;pz=0.0000;nm=0;pause=0;bench=1;armed=0;cmd=102
[WATCH] listen_status: phase=route_idle;px=0.0000;py=0.0000;pz=0.0000;nm=0;pause=0;bench=1;armed=0;cmd=102
[WATCH] listen_status: phase=route_idle;px=0.0000;py=0.0000;pz=0.0000;nm=0;pause=0;bench=1;armed=0;cmd=102
[WATCH] listen_status: phase=route_idle;px=0.0000;py=0.0000;pz=0.0000;nm=0;pause=0;bench=1;armed=0;cmd=102
[WATCH] listen_status: phase=route_idle;px=0.0000;py=0.0000;pz=0.0000;nm=0;pause=0;bench=1;armed=0;cmd=102
[WATCH] listen_status: phase=route_idle;px=0.0000;py=0.0000;pz=0.0000;nm=0;pause=0;bench=1;armed=0;cmd=102
[WATCH] listen_status: phase=route_idle;px=0.0000;py=0.0000;pz=0.0000;nm=0;pause=0;bench=1;armed=0;cmd=102
[WATCH] listen_status: phase=route_idle;px=0.0000;py=0.0000;pz=0.0000;nm=0;pause=0;bench=1;armed=0;cmd=102
[WATCH] listen_status: phase=route_idle;px=0.0000;py=0.0000;pz=0.0000;nm=0;pause=0;bench=1;armed=0;cmd=102
[WATCH] listen_status: phase=route_idle;px=0.0000;py=0.0000;pz=0.0000;nm=0;pause=0;bench=1;armed=0;cmd=102
[WATCH] listen_status: phase=route_idle;px=0.0000;py=0.0000;pz=0.0000;nm=0;pause=0;bench=1;armed=0;cmd=102
[WATCH] listen_status: phase=route_idle;px=0.0000;py=0.0000;pz=0.0000;nm=0;pause=0;bench=1;armed=0;cmd=102
[WATCH] listen_status: phase=route_idle;px=0.0000;py=0.0000;pz=0.0000;nm=0;pause=0;bench=1;armed=0;cmd=102
[WATCH] pause_demo: False -> True
[WATCH] listen_status: phase=route_warmup;px=0.2500;py=0.1500;pz=1.2000;nm=4;pause=1;bench=1;armed=0;cmd=14
========================================
[WATCH] PASS: interrupt OK
  pause=True
  out   : cmd=14 pos=[0.00 0.00 0.00] yaw=0.000 frame=-
  vision: cmd=14 pos=[0.00 0.00 0.00] yaw=0.000 frame=-
  demo  : cmd=4 pos=[0.50 0.50 1.50] yaw=-0.070 frame=fake_demo (仍在发但未出口)
========================================
[WATCH] listen_status: phase=route_warmup;px=0.2500;py=0.1500;pz=1.2000;nm=4;pause=1;bench=1;armed=0;cmd=14
[WATCH] listen_status: phase=route_landing;px=0.2475;py=0.1485;pz=1.2000;nm=4;pause=1;bench=1;armed=0;cmd=14
[WATCH] listen_status: phase=route_landing;px=0.2475;py=0.1485;pz=1.2000;nm=4;pause=1;bench=1;armed=0;cmd=14
[WATCH] listen_status: phase=route_landing;px=0.2450;py=0.1470;pz=1.2000;nm=4;pause=1;bench=1;armed=0;cmd=14
[WATCH] listen_status: phase=route_landing;px=0.2450;py=0.1470;pz=1.2000;nm=4;pause=1;bench=1;armed=0;cmd=14
[WATCH] FAIL?: pause=True 但出口仍像 demo | out=cmd=14 pos=[0.12 0.07 -0.05] yaw=-0.086 frame=-
[WATCH] listen_status: phase=route_landing;px=0.2425;py=0.1455;pz=1.2000;nm=4;pause=1;bench=1;armed=0;cmd=14
[WATCH] listen_status: phase=route_landing;px=0.2425;py=0.1455;pz=1.2000;nm=4;pause=1;bench=1;armed=0;cmd=14
[WATCH] listen_status: phase=route_landing;px=0.2400;py=0.1440;pz=1.2000;nm=4;pause=1;bench=1;armed=0;cmd=14
[WATCH] listen_status: phase=route_landing;px=0.2350;py=0.1410;pz=1.2000;nm=4;pause=1;bench=1;armed=0;cmd=14
[WATCH] listen_status: phase=route_landing;px=0.2350;py=0.1410;pz=1.2000;nm=4;pause=1;bench=1;armed=0;cmd=14
[WATCH] listen_status: phase=route_landing;px=0.2300;py=0.1380;pz=1.2000;nm=4;pause=1;bench=1;armed=0;cmd=14
[WATCH] listen_status: phase=route_landing;px=0.2300;py=0.1380;pz=1.2000;nm=4;pause=1;bench=1;armed=0;cmd=14
[WATCH] listen_status: phase=route_landing;px=0.2250;py=0.1350;pz=1.2000;nm=4;pause=1;bench=1;armed=0;cmd=14
[WATCH] listen_status: phase=route_landing;px=0.2250;py=0.1350;pz=1.2000;nm=4;pause=1;bench=1;armed=0;cmd=14
[WATCH] listen_status: phase=route_landing;px=0.2200;py=0.1320;pz=1.2000;nm=4;pause=1;bench=1;armed=0;cmd=14
[WATCH] listen_status: phase=route_landing;px=0.2200;py=0.1320;pz=1.2000;nm=4;pause=1;bench=1;armed=0;cmd=14
[WATCH] listen_status: phase=route_landing;px=0.2150;py=0.1290;pz=1.2000;nm=4;pause=1;bench=1;armed=0;cmd=14
[WATCH] listen_status: phase=route_landing;px=0.2150;py=0.1290;pz=1.2000;nm=4;pause=1;bench=1;armed=0;cmd=14
[WATCH] listen_status: phase=route_landing;px=0.2100;py=0.1260;pz=1.2000;nm=4;pause=1;bench=1;armed=0;cmd=14
[WATCH] listen_status: phase=route_landing;px=0.2100;py=0.1260;pz=1.2000;nm=4;pause=1;bench=1;armed=0;cmd=14
[WATCH] listen_status: phase=route_landing;px=0.2050;py=0.1230;pz=1.2000;nm=4;pause=1;bench=1;armed=0;cmd=14
[WATCH] listen_status: phase=route_landing;px=0.2050;py=0.1230;pz=1.2000;nm=4;pause=1;bench=1;armed=0;cmd=14
[WATCH] listen_status: phase=route_landing;px=0.2000;py=0.1200;pz=1.2000;nm=4;pause=1;bench=1;armed=0;cmd=14
[WATCH] listen_status: phase=route_landing;px=0.2000;py=0.1200;pz=1.2000;nm=4;pause=1;bench=1;armed=0;cmd=14
[WATCH] listen_status: phase=route_landing;px=0.1950;py=0.1170;pz=1.2000;nm=4;pause=1;bench=1;armed=0;cmd=14
[WATCH] listen_status: phase=route_landing;px=0.1950;py=0.1170;pz=1.2000;nm=4;pause=1;bench=1;armed=0;cmd=14
[WATCH] listen_status: phase=route_landing;px=0.1900;py=0.1140;pz=1.2000;nm=4;pause=1;bench=1;armed=0;cmd=14
[WATCH] listen_status: phase=route_landing;px=0.1900;py=0.1140;pz=1.2000;nm=4;pause=1;bench=1;armed=0;cmd=14
[WATCH] listen_status: phase=route_landing;px=0.1850;py=0.1110;pz=1.2000;nm=4;pause=1;bench=1;armed=0;cmd=14
[WATCH] listen_status: phase=route_landing;px=0.1850;py=0.1110;pz=1.2000;nm=4;pause=1;bench=1;armed=0;cmd=14
[WATCH] listen_status: phase=route_landing;px=0.1800;py=0.1080;pz=1.2000;nm=4;pause=1;bench=1;armed=0;cmd=14
[WATCH] listen_status: phase=route_landing;px=0.1800;py=0.1080;pz=1.2000;nm=4;pause=1;bench=1;armed=0;cmd=14
[WATCH] listen_status: phase=route_landing;px=0.1750;py=0.1050;pz=1.2000;nm=4;pause=1;bench=1;armed=0;cmd=14
[WATCH] listen_status: phase=route_landing;px=0.1750;py=0.1050;pz=1.2000;nm=4;pause=1;bench=1;armed=0;cmd=14
[WATCH] listen_status: phase=route_landing;px=0.1700;py=0.1020;pz=1.2000;nm=4;pause=1;bench=1;armed=0;cmd=14
[WATCH] listen_status: phase=route_landing;px=0.1700;py=0.1020;pz=1.2000;nm=4;pause=1;bench=1;armed=0;cmd=14
[WATCH] listen_status: phase=route_landing;px=0.1650;py=0.0990;pz=1.2000;nm=4;pause=1;bench=1;armed=0;cmd=14
[WATCH] listen_status: phase=route_landing;px=0.1650;py=0.0990;pz=1.2000;nm=4;pause=1;bench=1;armed=0;cmd=14
[WATCH] listen_status: phase=route_landing;px=0.1600;py=0.0960;pz=1.2000;nm=4;pause=1;bench=1;armed=0;cmd=14
[WATCH] listen_status: phase=route_landing;px=0.1600;py=0.0960;pz=1.2000;nm=4;pause=1;bench=1;armed=0;cmd=14
[WATCH] listen_status: phase=route_landing;px=0.1550;py=0.0930;pz=1.2000;nm=4;pause=1;bench=1;armed=0;cmd=14
[WATCH] listen_status: phase=route_landing;px=0.1550;py=0.0930;pz=1.2000;nm=4;pause=1;bench=1;armed=0;cmd=14
[WATCH] listen_status: phase=route_landing;px=0.1500;py=0.0900;pz=1.2000;nm=4;pause=1;bench=1;armed=0;cmd=14
[WATCH] listen_status: phase=route_landing;px=0.1500;py=0.0900;pz=1.2000;nm=4;pause=1;bench=1;armed=0;cmd=14
[WATCH] listen_status: phase=route_landing;px=0.1450;py=0.0870;pz=1.2000;nm=4;pause=1;bench=1;armed=0;cmd=14
[WATCH] listen_status: phase=route_landing;px=0.1450;py=0.0870;pz=1.2000;nm=4;pause=1;bench=1;armed=0;cmd=14
[WATCH] listen_status: phase=route_landing;px=0.1400;py=0.0840;pz=1.2000;nm=4;pause=1;bench=1;armed=0;cmd=14
[WATCH] listen_status: phase=route_landing;px=0.1400;py=0.0840;pz=1.2000;nm=4;pause=1;bench=1;armed=0;cmd=14
[WATCH] listen_status: phase=route_landing;px=0.1350;py=0.0810;pz=1.2000;nm=4;pause=1;bench=1;armed=0;cmd=14
[WATCH] listen_status: phase=route_landing;px=0.1350;py=0.0810;pz=1.2000;nm=4;pause=1;bench=1;armed=0;cmd=14
[WATCH] listen_status: phase=route_landing;px=0.1300;py=0.0780;pz=1.2000;nm=4;pause=1;bench=1;armed=0;cmd=14
[WATCH] listen_status: phase=route_landing;px=0.1300;py=0.0780;pz=1.2000;nm=4;pause=1;bench=1;armed=0;cmd=14
[WATCH] listen_status: phase=route_landing;px=0.1250;py=0.0750;pz=1.2000;nm=4;pause=1;bench=1;armed=0;cmd=14
[WATCH] listen_status: phase=route_landing;px=0.1250;py=0.0750;pz=1.2000;nm=4;pause=1;bench=1;armed=0;cmd=14
[WATCH] listen_status: phase=route_landing;px=0.1200;py=0.0720;pz=1.2000;nm=4;pause=1;bench=1;armed=0;cmd=14
[WATCH] listen_status: phase=route_landing;px=0.1200;py=0.0720;pz=1.2000;nm=4;pause=1;bench=1;armed=0;cmd=14
[WATCH] listen_status: phase=route_landing;px=0.1150;py=0.0690;pz=1.2000;nm=4;pause=1;bench=1;armed=0;cmd=14
[WATCH] listen_status: phase=route_landing;px=0.1150;py=0.0690;pz=1.2000;nm=4;pause=1;bench=1;armed=0;cmd=14
[WATCH] listen_status: phase=route_landing;px=0.1100;py=0.0660;pz=1.2000;nm=4;pause=1;bench=1;armed=0;cmd=14
[WATCH] listen_status: phase=route_landing;px=0.1100;py=0.0660;pz=1.2000;nm=4;pause=1;bench=1;armed=0;cmd=14
[WATCH] listen_status: phase=route_landing;px=0.1050;py=0.0630;pz=1.2000;nm=4;pause=1;bench=1;armed=0;cmd=14
[WATCH] listen_status: phase=route_landing;px=0.1050;py=0.0630;pz=1.2000;nm=4;pause=1;bench=1;armed=0;cmd=14
[WATCH] listen_status: phase=route_landing;px=0.1000;py=0.0600;pz=1.2000;nm=4;pause=1;bench=1;armed=0;cmd=14
[WATCH] listen_status: phase=route_landing;px=0.1000;py=0.0600;pz=1.2000;nm=4;pause=1;bench=1;armed=0;cmd=14
[WATCH] listen_status: phase=route_landing;px=0.0950;py=0.0570;pz=1.2000;nm=4;pause=1;bench=1;armed=0;cmd=14
[WATCH] listen_status: phase=route_landing;px=0.0950;py=0.0570;pz=1.2000;nm=4;pause=1;bench=1;armed=0;cmd=14
[WATCH] listen_status: phase=route_landing;px=0.0900;py=0.0540;pz=1.2000;nm=4;pause=1;bench=1;armed=0;cmd=14
[WATCH] listen_status: phase=route_landing;px=0.0900;py=0.0540;pz=1.2000;nm=4;pause=1;bench=1;armed=0;cmd=14
[WATCH] listen_status: phase=route_landing;px=0.0850;py=0.0510;pz=1.2000;nm=4;pause=1;bench=1;armed=0;cmd=14
[WATCH] listen_status: phase=route_landing;px=0.0850;py=0.0510;pz=1.2000;nm=4;pause=1;bench=1;armed=0;cmd=14
[WATCH] listen_status: phase=route_landing;px=0.0800;py=0.0480;pz=1.2000;nm=4;pause=1;bench=1;armed=0;cmd=14
[WATCH] listen_status: phase=route_landing;px=0.0800;py=0.0480;pz=1.2000;nm=4;pause=1;bench=1;armed=0;cmd=14
[WATCH] listen_status: phase=route_landing;px=0.0750;py=0.0450;pz=1.2000;nm=4;pause=1;bench=1;armed=0;cmd=14
[WATCH] listen_status: phase=route_landing;px=0.0750;py=0.0450;pz=1.2000;nm=4;pause=1;bench=1;armed=0;cmd=14
[WATCH] listen_status: phase=route_landing;px=0.0700;py=0.0420;pz=1.2000;nm=4;pause=1;bench=1;armed=0;cmd=14
[WATCH] listen_status: phase=route_landing;px=0.0700;py=0.0420;pz=1.2000;nm=4;pause=1;bench=1;armed=0;cmd=14
[WATCH] listen_status: phase=route_landing;px=0.0650;py=0.0390;pz=1.2000;nm=4;pause=1;bench=1;armed=0;cmd=14
[WATCH] listen_status: phase=route_landing;px=0.0650;py=0.0390;pz=1.2000;nm=4;pause=1;bench=1;armed=0;cmd=14
[WATCH] listen_status: phase=route_landing;px=0.0600;py=0.0360;pz=1.2000;nm=4;pause=1;bench=1;armed=0;cmd=14
[WATCH] listen_status: phase=route_landing;px=0.0600;py=0.0360;pz=1.2000;nm=4;pause=1;bench=1;armed=0;cmd=14
[WATCH] listen_status: phase=route_landing;px=0.0550;py=0.0330;pz=1.2000;nm=4;pause=1;bench=1;armed=0;cmd=14
[WATCH] listen_status: phase=route_landing;px=0.0550;py=0.0330;pz=1.2000;nm=4;pause=1;bench=1;armed=0;cmd=14
[WATCH] listen_status: phase=route_landing;px=0.0500;py=0.0300;pz=1.2000;nm=4;pause=1;bench=1;armed=0;cmd=14
[WATCH] listen_status: phase=route_landing;px=0.0500;py=0.0300;pz=1.2000;nm=4;pause=1;bench=1;armed=0;cmd=14
[WATCH] listen_status: phase=route_landing;px=0.0450;py=0.0270;pz=1.2000;nm=4;pause=1;bench=1;armed=0;cmd=14
[WATCH] listen_status: phase=route_landing;px=0.0450;py=0.0270;pz=1.2000;nm=4;pause=1;bench=1;armed=0;cmd=14
[WATCH] listen_status: phase=route_landing;px=0.0400;py=0.0240;pz=1.2000;nm=4;pause=1;bench=1;armed=0;cmd=14
[WATCH] listen_status: phase=route_landing;px=0.0400;py=0.0240;pz=1.2000;nm=4;pause=1;bench=1;armed=0;cmd=14
[WATCH] listen_status: phase=route_landing;px=0.0350;py=0.0210;pz=1.2000;nm=4;pause=1;bench=1;armed=0;cmd=14
[WATCH] listen_status: phase=route_landing;px=0.0350;py=0.0210;pz=1.2000;nm=4;pause=1;bench=1;armed=0;cmd=14
[WATCH] listen_status: phase=route_landing;px=0.0300;py=0.0180;pz=1.2000;nm=4;pause=1;bench=1;armed=0;cmd=14
[WATCH] listen_status: phase=route_landing;px=0.0300;py=0.0180;pz=1.2000;nm=4;pause=1;bench=1;armed=0;cmd=14
[WATCH] listen_status: phase=route_landing;px=0.0250;py=0.0150;pz=1.2000;nm=4;pause=1;bench=1;armed=0;cmd=14
[WATCH] listen_status: phase=route_landing;px=0.0250;py=0.0150;pz=1.2000;nm=4;pause=1;bench=1;armed=0;cmd=14
[WATCH] listen_status: phase=route_landing;px=0.0205;py=0.0123;pz=1.2000;nm=4;pause=1;bench=1;armed=0;cmd=14
[WATCH] listen_status: phase=route_landing;px=0.0205;py=0.0123;pz=1.2000;nm=4;pause=1;bench=1;armed=0;cmd=14
[WATCH] listen_status: phase=route_landing;px=0.0170;py=0.0102;pz=1.2000;nm=4;pause=1;bench=1;armed=0;cmd=14
[WATCH] listen_status: phase=route_landing;px=0.0170;py=0.0102;pz=1.2000;nm=4;pause=1;bench=1;armed=0;cmd=14
[WATCH] listen_status: phase=route_landing;px=0.0145;py=0.0087;pz=1.2000;nm=4;pause=1;bench=1;armed=0;cmd=14
[WATCH] listen_status: phase=route_landing;px=0.0145;py=0.0087;pz=1.2000;nm=4;pause=1;bench=1;armed=0;cmd=14
[WATCH] listen_status: phase=route_landing;px=0.0130;py=0.0078;pz=1.2000;nm=4;pause=1;bench=1;armed=0;cmd=14
[WATCH] listen_status: phase=route_landing;px=0.0130;py=0.0078;pz=1.2000;nm=4;pause=1;bench=1;armed=0;cmd=14
[WATCH] listen_status: phase=route_landing;px=0.0125;py=0.0075;pz=1.2000;nm=4;pause=1;bench=1;armed=0;cmd=14
[WATCH] listen_status: phase=route_landing;px=0.0125;py=0.0075;pz=1.2000;nm=4;pause=1;bench=1;armed=0;cmd=14
[WATCH] listen_status: phase=route_landing;px=0.0125;py=0.0075;pz=1.2000;nm=4;pause=1;bench=1;armed=0;cmd=14
[WATCH] listen_status: phase=route_landing;px=0.0125;py=0.0075;pz=1.2000;nm=4;pause=1;bench=1;armed=0;cmd=14
[WATCH] listen_status: phase=route_landing;px=0.0125;py=0.0075;pz=1.2000;nm=4;pause=1;bench=1;armed=0;cmd=14
[WATCH] listen_status: phase=route_landing;px=0.0125;py=0.0075;pz=1.2000;nm=4;pause=1;bench=1;armed=0;cmd=14
[WATCH] listen_status: phase=route_landing;px=0.0125;py=0.0075;pz=1.2000;nm=4;pause=1;bench=1;armed=0;cmd=14
[WATCH] listen_status: phase=route_landing;px=0.0125;py=0.0075;pz=1.2000;nm=4;pause=1;bench=1;armed=0;cmd=14
[WATCH] listen_status: phase=route_landing;px=0.0125;py=0.0075;pz=1.2000;nm=4;pause=1;bench=1;armed=0;cmd=14
[WATCH] listen_status: phase=route_landing;px=0.0125;py=0.0075;pz=1.2000;nm=4;pause=1;bench=1;armed=0;cmd=14
[WATCH] listen_status: phase=route_landing;px=0.0125;py=0.0075;pz=1.2000;nm=4;pause=1;bench=1;armed=0;cmd=14
[WATCH] listen_status: phase=route_landing;px=0.0125;py=0.0075;pz=1.2000;nm=4;pause=1;bench=1;armed=0;cmd=14
[WATCH] listen_status: phase=route_landing;px=0.0125;py=0.0075;pz=1.2000;nm=4;pause=1;bench=1;armed=0;cmd=14
[WATCH] listen_status: phase=route_landing;px=0.0125;py=0.0075;pz=1.2000;nm=4;pause=1;bench=1;armed=0;cmd=14
[WATCH] listen_status: phase=route_landing;px=0.0125;py=0.0075;pz=1.2000;nm=4;pause=1;bench=1;armed=0;cmd=14
[WATCH] listen_status: phase=route_landing;px=0.0125;py=0.0075;pz=1.2000;nm=4;pause=1;bench=1;armed=0;cmd=14
[WATCH] listen_status: phase=route_landing;px=0.0125;py=0.0075;pz=1.2000;nm=4;pause=1;bench=1;armed=0;cmd=14
[WATCH] listen_status: phase=route_landing;px=0.0125;py=0.0075;pz=1.2000;nm=4;pause=1;bench=1;armed=0;cmd=14
[WATCH] listen_status: phase=route_landing;px=0.0125;py=0.0075;pz=1.2000;nm=4;pause=1;bench=1;armed=0;cmd=14
[WATCH] listen_status: phase=route_landing;px=0.0125;py=0.0075;pz=1.2000;nm=4;pause=1;bench=1;armed=0;cmd=14
[WATCH] listen_status: phase=route_landing;px=0.0125;py=0.0075;pz=1.2000;nm=4;pause=1;bench=1;armed=0;cmd=14
[WATCH] listen_status: phase=route_landing;px=0.0125;py=0.0075;pz=1.2000;nm=4;pause=1;bench=1;armed=0;cmd=14
[WATCH] listen_status: phase=route_landing;px=0.0125;py=0.0075;pz=1.2000;nm=4;pause=1;bench=1;armed=0;cmd=14
[WATCH] listen_status: phase=route_landing;px=0.0125;py=0.0075;pz=1.2000;nm=4;pause=1;bench=1;armed=0;cmd=14
[WATCH] listen_status: phase=route_landing;px=0.0125;py=0.0075;pz=1.2000;nm=4;pause=1;bench=1;armed=0;cmd=14
[WATCH] listen_status: phase=route_landing;px=0.0125;py=0.0075;pz=1.2000;nm=4;pause=1;bench=1;armed=0;cmd=14
[WATCH] listen_status: phase=route_landing;px=0.0125;py=0.0075;pz=1.2000;nm=4;pause=1;bench=1;armed=0;cmd=14
[WATCH] listen_status: phase=route_landing;px=0.0125;py=0.0075;pz=1.2000;nm=4;pause=1;bench=1;armed=0;cmd=14
[WATCH] listen_status: phase=route_landing;px=0.0125;py=0.0075;pz=1.2000;nm=4;pause=1;bench=1;armed=0;cmd=14
[WATCH] listen_status: phase=route_landing;px=0.0125;py=0.0075;pz=1.2000;nm=4;pause=1;bench=1;armed=0;cmd=14
[WATCH] listen_status: phase=route_landing;px=0.0125;py=0.0075;pz=1.2000;nm=4;pause=1;bench=1;armed=0;cmd=14
[WATCH] listen_status: phase=route_landing;px=0.0125;py=0.0075;pz=1.2000;nm=4;pause=1;bench=1;armed=0;cmd=14
[WATCH] listen_status: phase=route_landing;px=0.0125;py=0.0075;pz=1.2000;nm=4;pause=1;bench=1;armed=0;cmd=14
[WATCH] listen_status: phase=route_landing;px=0.0125;py=0.0075;pz=1.2000;nm=4;pause=1;bench=1;armed=0;cmd=14
[WATCH] listen_status: phase=route_landing;px=0.0125;py=0.0075;pz=1.2000;nm=4;pause=1;bench=1;armed=0;cmd=14
[WATCH] listen_status: phase=route_landing;px=0.0125;py=0.0075;pz=1.2000;nm=4;pause=1;bench=1;armed=0;cmd=14
[WATCH] listen_status: phase=route_landing;px=0.0125;py=0.0075;pz=1.2000;nm=4;pause=1;bench=1;armed=0;cmd=14
[WATCH] listen_status: phase=route_landing;px=0.0125;py=0.0075;pz=1.2000;nm=4;pause=1;bench=1;armed=0;cmd=14
[WATCH] listen_status: phase=route_landing;px=0.0125;py=0.0075;pz=1.2000;nm=4;pause=1;bench=1;armed=0;cmd=14
[WATCH] listen_status: phase=route_landing;px=0.0125;py=0.0075;pz=1.2000;nm=4;pause=1;bench=1;armed=0;cmd=14
[WATCH] listen_status: phase=route_landing;px=0.0125;py=0.0075;pz=1.2000;nm=4;pause=1;bench=1;armed=0;cmd=14
[WATCH] listen_status: phase=route_landing;px=0.0125;py=0.0075;pz=1.2000;nm=4;pause=1;bench=1;armed=0;cmd=14
[WATCH] listen_status: phase=route_landing;px=0.0125;py=0.0075;pz=1.2000;nm=4;pause=1;bench=1;armed=0;cmd=14
[WATCH] listen_status: phase=route_landing;px=0.0125;py=0.0075;pz=1.2000;nm=4;pause=1;bench=1;armed=0;cmd=14
[WATCH] listen_status: phase=route_landing;px=0.0125;py=0.0075;pz=1.2000;nm=4;pause=1;bench=1;armed=0;cmd=14
[WATCH] listen_status: phase=route_landing;px=0.0125;py=0.0075;pz=1.2000;nm=4;pause=1;bench=1;armed=0;cmd=14
[WATCH] listen_status: phase=route_landing;px=0.0125;py=0.0075;pz=1.2000;nm=4;pause=1;bench=1;armed=0;cmd=14
[WATCH] listen_status: phase=route_landing;px=0.0125;py=0.0075;pz=1.2000;nm=4;pause=1;bench=1;armed=0;cmd=14
[WATCH] listen_status: phase=route_landing;px=0.0125;py=0.0075;pz=1.2000;nm=4;pause=1;bench=1;armed=0;cmd=14
[WATCH] listen_status: phase=route_landing;px=0.0125;py=0.0075;pz=1.2000;nm=4;pause=1;bench=1;armed=0;cmd=14
[WATCH] listen_status: phase=route_landing;px=0.0125;py=0.0075;pz=1.2000;nm=4;pause=1;bench=1;armed=0;cmd=14
[WATCH] listen_status: phase=route_landing;px=0.0125;py=0.0075;pz=1.2000;nm=4;pause=1;bench=1;armed=0;cmd=14
[WATCH] listen_status: phase=route_landing;px=0.0125;py=0.0075;pz=1.2000;nm=4;pause=1;bench=1;armed=0;cmd=14
[WATCH] listen_status: phase=route_landing;px=0.0125;py=0.0075;pz=1.2000;nm=4;pause=1;bench=1;armed=0;cmd=14
[WATCH] listen_status: phase=route_landing;px=0.0125;py=0.0075;pz=1.2000;nm=4;pause=1;bench=1;armed=0;cmd=14
[WATCH] listen_status: phase=route_landing;px=0.0125;py=0.0075;pz=1.2000;nm=4;pause=1;bench=1;armed=0;cmd=14
[WATCH] listen_status: phase=route_landing;px=0.0125;py=0.0075;pz=1.2000;nm=4;pause=1;bench=1;armed=0;cmd=14
[WATCH] listen_status: phase=route_landing;px=0.0125;py=0.0075;pz=1.2000;nm=4;pause=1;bench=1;armed=0;cmd=14
[WATCH] listen_status: phase=route_landing;px=0.0125;py=0.0075;pz=1.2000;nm=4;pause=1;bench=1;armed=0;cmd=14
[WATCH] listen_status: phase=route_landing;px=0.0125;py=0.0075;pz=1.2000;nm=4;pause=1;bench=1;armed=0;cmd=14
[WATCH] listen_status: phase=route_landing;px=0.0125;py=0.0075;pz=1.2000;nm=4;pause=1;bench=1;armed=0;cmd=14
[WATCH] listen_status: phase=route_landing;px=0.0125;py=0.0075;pz=1.2000;nm=4;pause=1;bench=1;armed=0;cmd=14
[WATCH] listen_status: phase=route_landing;px=0.0125;py=0.0075;pz=1.2000;nm=4;pause=1;bench=1;armed=0;cmd=14
[WATCH] listen_status: phase=route_landing;px=0.0125;py=0.0075;pz=1.2000;nm=4;pause=1;bench=1;armed=0;cmd=14
[WATCH] listen_status: phase=route_landing;px=0.0125;py=0.0075;pz=1.2000;nm=4;pause=1;bench=1;armed=0;cmd=14
[WATCH] listen_status: phase=route_landing;px=0.0125;py=0.0075;pz=1.2000;nm=4;pause=1;bench=1;armed=0;cmd=14
[WATCH] listen_status: phase=route_landing;px=0.0125;py=0.0075;pz=1.2000;nm=4;pause=1;bench=1;armed=0;cmd=14
[WATCH] listen_status: phase=route_landing;px=0.0125;py=0.0075;pz=1.2000;nm=4;pause=1;bench=1;armed=0;cmd=14
[WATCH] listen_status: phase=route_landing;px=0.0125;py=0.0075;pz=1.2000;nm=4;pause=1;bench=1;armed=0;cmd=14
[WATCH] listen_status: phase=route_landing;px=0.0125;py=0.0075;pz=1.2000;nm=4;pause=1;bench=1;armed=0;cmd=14
[WATCH] FAIL?: pause=True 但出口仍像 demo | out=cmd=14 pos=[0.01 0.00 -0.05] yaw=0.000 frame=-
[WATCH] listen_status: phase=route_landing;px=0.0125;py=0.0075;pz=1.2000;nm=4;pause=1;bench=1;armed=0;cmd=14
[WATCH] listen_status: phase=route_landing;px=0.0125;py=0.0075;pz=1.2000;nm=4;pause=1;bench=1;armed=0;cmd=14
[WATCH] listen_status: phase=route_landing;px=0.0125;py=0.0075;pz=1.2000;nm=4;pause=1;bench=1;armed=0;cmd=14
[WATCH] listen_status: phase=route_landing;px=0.0125;py=0.0075;pz=1.2000;nm=4;pause=1;bench=1;armed=0;cmd=14
[WATCH] listen_status: phase=route_landing;px=0.0125;py=0.0075;pz=1.2000;nm=4;pause=1;bench=1;armed=0;cmd=14
[WATCH] listen_status: phase=route_landing;px=0.0125;py=0.0075;pz=1.2000;nm=4;pause=1;bench=1;armed=0;cmd=14
[WATCH] listen_status: phase=route_landing;px=0.0125;py=0.0075;pz=1.2000;nm=4;pause=1;bench=1;armed=0;cmd=14
[WATCH] listen_status: phase=route_landing;px=0.0125;py=0.0075;pz=1.2000;nm=4;pause=1;bench=1;armed=0;cmd=14
[WATCH] listen_status: phase=route_landing;px=0.0125;py=0.0075;pz=1.2000;nm=4;pause=1;bench=1;armed=0;cmd=14
[WATCH] listen_status: phase=route_landing;px=0.0125;py=0.0075;pz=1.2000;nm=4;pause=1;bench=1;armed=0;cmd=14
[WATCH] listen_status: phase=route_landing;px=0.0125;py=0.0075;pz=1.2000;nm=4;pause=1;bench=1;armed=0;cmd=14
[WATCH] listen_status: phase=route_landing;px=0.0125;py=0.0075;pz=1.2000;nm=4;pause=1;bench=1;armed=0;cmd=14
[WATCH] listen_status: phase=route_landing;px=0.0125;py=0.0075;pz=1.2000;nm=4;pause=1;bench=1;armed=0;cmd=14
[WATCH] listen_status: phase=route_landing;px=0.0125;py=0.0075;pz=1.2000;nm=4;pause=1;bench=1;armed=0;cmd=14
[WATCH] listen_status: phase=route_landing;px=0.0125;py=0.0075;pz=1.2000;nm=4;pause=1;bench=1;armed=0;cmd=14
[WATCH] listen_status: phase=route_landing;px=0.0125;py=0.0075;pz=1.2000;nm=4;pause=1;bench=1;armed=0;cmd=14
[WATCH] listen_status: phase=route_landing;px=0.0125;py=0.0075;pz=1.2000;nm=4;pause=1;bench=1;armed=0;cmd=14
[WATCH] listen_status: phase=route_landing;px=0.0125;py=0.0075;pz=1.2000;nm=4;pause=1;bench=1;armed=0;cmd=14
[WATCH] listen_status: phase=route_landing;px=0.0125;py=0.0075;pz=1.2000;nm=4;pause=1;bench=1;armed=0;cmd=14
[WATCH] listen_status: phase=route_landing;px=0.0125;py=0.0075;pz=1.2000;nm=4;pause=1;bench=1;armed=0;cmd=14
[WATCH] listen_status: phase=route_landing;px=0.0125;py=0.0075;pz=1.2000;nm=4;pause=1;bench=1;armed=0;cmd=14
[WATCH] listen_status: phase=route_landing;px=0.0125;py=0.0075;pz=1.2000;nm=4;pause=1;bench=1;armed=0;cmd=14
[WATCH] listen_status: phase=route_landing;px=0.0125;py=0.0075;pz=1.2000;nm=4;pause=1;bench=1;armed=0;cmd=14
[WATCH] listen_status: phase=route_landing;px=0.0125;py=0.0075;pz=1.2000;nm=4;pause=1;bench=1;armed=0;cmd=14
[WATCH] listen_status: phase=route_landing;px=0.0125;py=0.0075;pz=1.2000;nm=4;pause=1;bench=1;armed=0;cmd=14
[WATCH] listen_status: phase=route_landing;px=0.0125;py=0.0075;pz=1.2000;nm=4;pause=1;bench=1;armed=0;cmd=14
[WATCH] listen_status: phase=route_landing;px=0.0125;py=0.0075;pz=1.2000;nm=4;pause=1;bench=1;armed=0;cmd=14
[WATCH] listen_status: phase=route_landing;px=0.0125;py=0.0075;pz=1.2000;nm=4;pause=1;bench=1;armed=0;cmd=14
[WATCH] listen_status: phase=route_landing;px=0.0125;py=0.0075;pz=1.2000;nm=4;pause=1;bench=1;armed=0;cmd=14
[WATCH] listen_status: phase=route_landing;px=0.0125;py=0.0075;pz=1.2000;nm=4;pause=1;bench=1;armed=0;cmd=14
[WATCH] listen_status: phase=route_landing;px=0.0125;py=0.0075;pz=1.2000;nm=4;pause=1;bench=1;armed=0;cmd=14
[WATCH] listen_status: phase=route_landing;px=0.0125;py=0.0075;pz=1.2000;nm=4;pause=1;bench=1;armed=0;cmd=14
[WATCH] listen_status: phase=route_landing;px=0.0125;py=0.0075;pz=1.2000;nm=4;pause=1;bench=1;armed=0;cmd=14
[WATCH] listen_status: phase=route_landing;px=0.0125;py=0.0075;pz=1.2000;nm=4;pause=1;bench=1;armed=0;cmd=14
[WATCH] listen_status: phase=route_landing;px=0.0125;py=0.0075;pz=1.2000;nm=4;pause=1;bench=1;armed=0;cmd=14
[WATCH] listen_status: phase=route_landing;px=0.0125;py=0.0075;pz=1.2000;nm=4;pause=1;bench=1;armed=0;cmd=14
[WATCH] listen_status: phase=route_landing;px=0.0125;py=0.0075;pz=1.2000;nm=4;pause=1;bench=1;armed=0;cmd=14
[WATCH] listen_status: phase=route_landing;px=0.0125;py=0.0075;pz=1.2000;nm=4;pause=1;bench=1;armed=0;cmd=14
[WATCH] listen_status: phase=route_landing;px=0.0125;py=0.0075;pz=1.2000;nm=4;pause=1;bench=1;armed=0;cmd=14
[WATCH] listen_status: phase=route_landing;px=0.0125;py=0.0075;pz=1.2000;nm=4;pause=1;bench=1;armed=0;cmd=14
[WATCH] listen_status: phase=route_landing;px=0.0125;py=0.0075;pz=1.2000;nm=4;pause=1;bench=1;armed=0;cmd=14
[WATCH] listen_status: phase=route_landing;px=0.0125;py=0.0075;pz=1.2000;nm=4;pause=1;bench=1;armed=0;cmd=14
[WATCH] listen_status: phase=route_landing;px=0.0125;py=0.0075;pz=1.2000;nm=4;pause=1;bench=1;armed=0;cmd=14
[WATCH] listen_status: phase=route_landing;px=0.0125;py=0.0075;pz=1.2000;nm=4;pause=1;bench=1;armed=0;cmd=14
[WATCH] listen_status: phase=route_landing;px=0.0125;py=0.0075;pz=1.2000;nm=4;pause=1;bench=1;armed=0;cmd=14
[WATCH] listen_status: phase=route_landing;px=0.0125;py=0.0075;pz=1.2000;nm=4;pause=1;bench=1;armed=0;cmd=14
[WATCH] listen_status: phase=route_landing;px=0.0125;py=0.0075;pz=1.2000;nm=4;pause=1;bench=1;armed=0;cmd=14
[WATCH] listen_status: phase=route_landing;px=0.0125;py=0.0075;pz=1.2000;nm=4;pause=1;bench=1;armed=0;cmd=14
[WATCH] listen_status: phase=route_landing;px=0.0125;py=0.0075;pz=1.2000;nm=4;pause=1;bench=1;armed=0;cmd=14
[WATCH] listen_status: phase=route_landing;px=0.0125;py=0.0075;pz=1.2000;nm=4;pause=1;bench=1;armed=0;cmd=14
[WATCH] listen_status: phase=route_landing;px=0.0125;py=0.0075;pz=1.2000;nm=4;pause=1;bench=1;armed=0;cmd=14
[WATCH] listen_status: phase=route_landing;px=0.0125;py=0.0075;pz=1.2000;nm=4;pause=1;bench=1;armed=0;cmd=14
[WATCH] listen_status: phase=route_landing;px=0.0125;py=0.0075;pz=1.2000;nm=4;pause=1;bench=1;armed=0;cmd=14
[WATCH] listen_status: phase=route_landing;px=0.0125;py=0.0075;pz=1.2000;nm=4;pause=1;bench=1;armed=0;cmd=14
[WATCH] listen_status: phase=route_landing;px=0.0125;py=0.0075;pz=1.2000;nm=4;pause=1;bench=1;armed=0;cmd=14
[WATCH] listen_status: phase=route_landing;px=0.0125;py=0.0075;pz=1.2000;nm=4;pause=1;bench=1;armed=0;cmd=14
[WATCH] listen_status: phase=route_landing;px=0.0125;py=0.0075;pz=1.2000;nm=4;pause=1;bench=1;armed=0;cmd=14
[WATCH] listen_status: phase=route_landing;px=0.0125;py=0.0075;pz=1.2000;nm=4;pause=1;bench=1;armed=0;cmd=14
[WATCH] listen_status: phase=route_landing;px=0.0125;py=0.0075;pz=1.2000;nm=4;pause=1;bench=1;armed=0;cmd=14
[WATCH] listen_status: phase=route_landing;px=0.0125;py=0.0075;pz=1.2000;nm=4;pause=1;bench=1;armed=0;cmd=14
[WATCH] listen_status: phase=route_landing;px=0.0125;py=0.0075;pz=1.2000;nm=4;pause=1;bench=1;armed=0;cmd=14
[WATCH] listen_status: phase=route_landing;px=0.0125;py=0.0075;pz=1.2000;nm=4;pause=1;bench=1;armed=0;cmd=14
[WATCH] listen_status: phase=route_landing;px=0.0125;py=0.0075;pz=1.2000;nm=4;pause=1;bench=1;armed=0;cmd=14
[WATCH] listen_status: phase=route_landing;px=0.0125;py=0.0075;pz=1.2000;nm=4;pause=1;bench=1;armed=0;cmd=14
[WATCH] listen_status: phase=route_landing;px=0.0125;py=0.0075;pz=1.2000;nm=4;pause=1;bench=1;armed=0;cmd=14
[WATCH] listen_status: phase=route_landing;px=0.0125;py=0.0075;pz=1.2000;nm=4;pause=1;bench=1;armed=0;cmd=14
[WATCH] listen_status: phase=route_landing;px=0.0125;py=0.0075;pz=1.2000;nm=4;pause=1;bench=1;armed=0;cmd=14
[WATCH] listen_status: phase=route_landing;px=0.0125;py=0.0075;pz=1.2000;nm=4;pause=1;bench=1;armed=0;cmd=14
[WATCH] listen_status: phase=route_landing;px=0.0125;py=0.0075;pz=1.2000;nm=4;pause=1;bench=1;armed=0;cmd=14
[WATCH] listen_status: phase=route_landing;px=0.0125;py=0.0075;pz=1.2000;nm=4;pause=1;bench=1;armed=0;cmd=14
[WATCH] listen_status: phase=route_landing;px=0.0125;py=0.0075;pz=1.2000;nm=4;pause=1;bench=1;armed=0;cmd=14
[WATCH] listen_status: phase=route_landing;px=0.0125;py=0.0075;pz=1.2000;nm=4;pause=1;bench=1;armed=0;cmd=14
[WATCH] listen_status: phase=route_landing;px=0.0125;py=0.0075;pz=1.2000;nm=4;pause=1;bench=1;armed=0;cmd=14
[WATCH] listen_status: phase=route_landing;px=0.0125;py=0.0075;pz=1.2000;nm=4;pause=1;bench=1;armed=0;cmd=14
[WATCH] listen_status: phase=route_landing;px=0.0125;py=0.0075;pz=1.2000;nm=4;pause=1;bench=1;armed=0;cmd=14
[WATCH] listen_status: phase=route_landing;px=0.0125;py=0.0075;pz=1.2000;nm=4;pause=1;bench=1;armed=0;cmd=14
[WATCH] listen_status: phase=route_landing;px=0.0125;py=0.0075;pz=1.2000;nm=4;pause=1;bench=1;armed=0;cmd=14
[WATCH] listen_status: phase=route_landing;px=0.0125;py=0.0075;pz=1.2000;nm=4;pause=1;bench=1;armed=0;cmd=14
[WATCH] listen_status: phase=route_landing;px=0.0125;py=0.0075;pz=1.2000;nm=4;pause=1;bench=1;armed=0;cmd=14
[WATCH] listen_status: phase=route_landing;px=0.0125;py=0.0075;pz=1.2000;nm=4;pause=1;bench=1;armed=0;cmd=14
[WATCH] listen_status: phase=route_landing;px=0.0125;py=0.0075;pz=1.2000;nm=4;pause=1;bench=1;armed=0;cmd=14
[WATCH] listen_status: phase=route_landing;px=0.0125;py=0.0075;pz=1.2000;nm=4;pause=1;bench=1;armed=0;cmd=14
[WATCH] listen_status: phase=route_landing;px=0.0125;py=0.0075;pz=1.2000;nm=4;pause=1;bench=1;armed=0;cmd=14
[WATCH] listen_status: phase=route_landing;px=0.0125;py=0.0075;pz=1.2000;nm=4;pause=1;bench=1;armed=0;cmd=14
[WATCH] listen_status: phase=route_landing;px=0.0125;py=0.0075;pz=1.2000;nm=4;pause=1;bench=1;armed=0;cmd=14
[WATCH] listen_status: phase=route_landing;px=0.0125;py=0.0075;pz=1.2000;nm=4;pause=1;bench=1;armed=0;cmd=14
[WATCH] listen_status: phase=route_landing;px=0.0125;py=0.0075;pz=1.2000;nm=4;pause=1;bench=1;armed=0;cmd=14
[WATCH] listen_status: phase=route_landing;px=0.0125;py=0.0075;pz=1.2000;nm=4;pause=1;bench=1;armed=0;cmd=14
[WATCH] listen_status: phase=route_landing;px=0.0125;py=0.0075;pz=1.2000;nm=4;pause=1;bench=1;armed=0;cmd=14
[WATCH] listen_status: phase=route_landing;px=0.0125;py=0.0075;pz=1.2000;nm=4;pause=1;bench=1;armed=0;cmd=14
[WATCH] listen_status: phase=route_landing;px=0.0125;py=0.0075;pz=1.2000;nm=4;pause=1;bench=1;armed=0;cmd=14
[WATCH] listen_status: phase=route_landing;px=0.0125;py=0.0075;pz=1.2000;nm=4;pause=1;bench=1;armed=0;cmd=14
[WATCH] listen_status: phase=route_landing;px=0.0125;py=0.0075;pz=1.2000;nm=4;pause=1;bench=1;armed=0;cmd=14
[WATCH] listen_status: phase=route_landing;px=0.0125;py=0.0075;pz=1.2000;nm=4;pause=1;bench=1;armed=0;cmd=14
[WATCH] listen_status: phase=route_landing;px=0.0125;py=0.0075;pz=1.2000;nm=4;pause=1;bench=1;armed=0;cmd=14
[WATCH] listen_status: phase=route_landing;px=0.0125;py=0.0075;pz=1.2000;nm=4;pause=1;bench=1;armed=0;cmd=14
[WATCH] listen_status: phase=route_landing;px=0.0125;py=0.0075;pz=1.2000;nm=4;pause=1;bench=1;armed=0;cmd=14
[WATCH] listen_status: phase=route_landing;px=0.0125;py=0.0075;pz=1.2000;nm=4;pause=1;bench=1;armed=0;cmd=14
[WATCH] listen_status: phase=route_landing;px=0.0125;py=0.0075;pz=1.2000;nm=4;pause=1;bench=1;armed=0;cmd=14
[WATCH] listen_status: phase=route_landing;px=0.0125;py=0.0075;pz=1.2000;nm=4;pause=1;bench=1;armed=0;cmd=14
[WATCH] listen_status: phase=route_landing;px=0.0125;py=0.0075;pz=1.2000;nm=4;pause=1;bench=1;armed=0;cmd=14
[WATCH] listen_status: phase=route_landing;px=0.0125;py=0.0075;pz=1.2000;nm=4;pause=1;bench=1;armed=0;cmd=14
[WATCH] listen_status: phase=route_landing;px=0.0125;py=0.0075;pz=1.2000;nm=4;pause=1;bench=1;armed=0;cmd=14
[WATCH] listen_status: phase=route_landing;px=0.0125;py=0.0075;pz=1.2000;nm=4;pause=1;bench=1;armed=0;cmd=14
[WATCH] listen_status: phase=route_landing;px=0.0125;py=0.0075;pz=1.2000;nm=4;pause=1;bench=1;armed=0;cmd=14
[WATCH] listen_status: phase=route_landing;px=0.0125;py=0.0075;pz=1.2000;nm=4;pause=1;bench=1;armed=0;cmd=14
[WATCH] listen_status: phase=route_landing;px=0.0125;py=0.0075;pz=1.2000;nm=4;pause=1;bench=1;armed=0;cmd=14
[WATCH] listen_status: phase=route_landing;px=0.0125;py=0.0075;pz=1.2000;nm=4;pause=1;bench=1;armed=0;cmd=14
[WATCH] listen_status: phase=route_landing;px=0.0125;py=0.0075;pz=1.2000;nm=4;pause=1;bench=1;armed=0;cmd=14
[WATCH] listen_status: phase=route_landing;px=0.0125;py=0.0075;pz=1.2000;nm=4;pause=1;bench=1;armed=0;cmd=14
[WATCH] listen_status: phase=route_landing;px=0.0125;py=0.0075;pz=1.2000;nm=4;pause=1;bench=1;armed=0;cmd=14
[WATCH] listen_status: phase=route_landing;px=0.0125;py=0.0075;pz=1.2000;nm=4;pause=1;bench=1;armed=0;cmd=14
[WATCH] listen_status: phase=route_landing;px=0.0125;py=0.0075;pz=1.2000;nm=4;pause=1;bench=1;armed=0;cmd=14
[WATCH] listen_status: phase=route_landing;px=0.0125;py=0.0075;pz=1.2000;nm=4;pause=1;bench=1;armed=0;cmd=14
[WATCH] listen_status: phase=route_landing;px=0.0125;py=0.0075;pz=1.2000;nm=4;pause=1;bench=1;armed=0;cmd=14
[WATCH] listen_status: phase=route_landing;px=0.0125;py=0.0075;pz=1.2000;nm=4;pause=1;bench=1;armed=0;cmd=14
[WATCH] listen_status: phase=route_landing;px=0.0125;py=0.0075;pz=1.2000;nm=4;pause=1;bench=1;armed=0;cmd=14
[WATCH] listen_status: phase=route_landing;px=0.0125;py=0.0075;pz=1.2000;nm=4;pause=1;bench=1;armed=0;cmd=14
[WATCH] listen_status: phase=route_landing;px=0.0125;py=0.0075;pz=1.2000;nm=4;pause=1;bench=1;armed=0;cmd=14
[WATCH] listen_status: phase=route_landing;px=0.0125;py=0.0075;pz=1.2000;nm=4;pause=1;bench=1;armed=0;cmd=14
[WATCH] listen_status: phase=route_landing;px=0.0125;py=0.0075;pz=1.2000;nm=4;pause=1;bench=1;armed=0;cmd=14
[WATCH] listen_status: phase=route_landing;px=0.0125;py=0.0075;pz=1.2000;nm=4;pause=1;bench=1;armed=0;cmd=14
[WATCH] listen_status: phase=route_landing;px=0.0125;py=0.0075;pz=1.2000;nm=4;pause=1;bench=1;armed=0;cmd=14
[WATCH] listen_status: phase=route_landing;px=0.0125;py=0.0075;pz=1.2000;nm=4;pause=1;bench=1;armed=0;cmd=14
[WATCH] listen_status: phase=route_landing;px=0.0125;py=0.0075;pz=1.2000;nm=4;pause=1;bench=1;armed=0;cmd=14
[WATCH] listen_status: phase=route_landing;px=0.0125;py=0.0075;pz=1.2000;nm=4;pause=1;bench=1;armed=0;cmd=14
[WATCH] listen_status: phase=route_landing;px=0.0125;py=0.0075;pz=1.2000;nm=4;pause=1;bench=1;armed=0;cmd=14
[WATCH] listen_status: phase=route_landing;px=0.0125;py=0.0075;pz=1.2000;nm=4;pause=1;bench=1;armed=0;cmd=14
[WATCH] listen_status: phase=route_landing;px=0.0125;py=0.0075;pz=1.2000;nm=4;pause=1;bench=1;armed=0;cmd=14
[WATCH] listen_status: phase=route_landing;px=0.0125;py=0.0075;pz=1.2000;nm=4;pause=1;bench=1;armed=0;cmd=14
[WATCH] listen_status: phase=route_landing;px=0.0125;py=0.0075;pz=1.2000;nm=4;pause=1;bench=1;armed=0;cmd=14
[WATCH] listen_status: phase=route_landing;px=0.0125;py=0.0075;pz=1.2000;nm=4;pause=1;bench=1;armed=0;cmd=14
[WATCH] listen_status: phase=route_landing;px=0.0125;py=0.0075;pz=1.2000;nm=4;pause=1;bench=1;armed=0;cmd=14
[WATCH] listen_status: phase=route_landing;px=0.0125;py=0.0075;pz=1.2000;nm=4;pause=1;bench=1;armed=0;cmd=14
[WATCH] listen_status: phase=route_landing;px=0.0125;py=0.0075;pz=1.2000;nm=4;pause=1;bench=1;armed=0;cmd=14
[WATCH] listen_status: phase=route_landing;px=0.0125;py=0.0075;pz=1.2000;nm=4;pause=1;bench=1;armed=0;cmd=14
[WATCH] listen_status: phase=route_landing;px=0.0125;py=0.0075;pz=1.2000;nm=4;pause=1;bench=1;armed=0;cmd=14
[WATCH] listen_status: phase=route_landing;px=0.0125;py=0.0075;pz=1.2000;nm=4;pause=1;bench=1;armed=0;cmd=14
[WATCH] listen_status: phase=route_landing;px=0.0125;py=0.0075;pz=1.2000;nm=4;pause=1;bench=1;armed=0;cmd=14
[WATCH] listen_status: phase=route_landing;px=0.0125;py=0.0075;pz=1.2000;nm=4;pause=1;bench=1;armed=0;cmd=14
[WATCH] listen_status: phase=route_landing;px=0.0125;py=0.0075;pz=1.2000;nm=4;pause=1;bench=1;armed=0;cmd=14
[WATCH] listen_status: phase=route_landing;px=0.0125;py=0.0075;pz=1.2000;nm=4;pause=1;bench=1;armed=0;cmd=14
[WATCH] listen_status: phase=route_landing;px=0.0125;py=0.0075;pz=1.2000;nm=4;pause=1;bench=1;armed=0;cmd=14
[WATCH] listen_status: phase=route_landing;px=0.0125;py=0.0075;pz=1.2000;nm=4;pause=1;bench=1;armed=0;cmd=14
[WATCH] listen_status: phase=route_landing;px=0.0125;py=0.0075;pz=1.2000;nm=4;pause=1;bench=1;armed=0;cmd=14
[WATCH] listen_status: phase=route_landing;px=0.0125;py=0.0075;pz=1.2000;nm=4;pause=1;bench=1;armed=0;cmd=14
[WATCH] listen_status: phase=route_landing;px=0.0125;py=0.0075;pz=1.2000;nm=4;pause=1;bench=1;armed=0;cmd=14
[WATCH] listen_status: phase=route_landing;px=0.0125;py=0.0075;pz=1.2000;nm=4;pause=1;bench=1;armed=0;cmd=14
[WATCH] listen_status: phase=route_landing;px=0.0125;py=0.0075;pz=1.2000;nm=4;pause=1;bench=1;armed=0;cmd=14
[WATCH] listen_status: phase=route_landing;px=0.0125;py=0.0075;pz=1.2000;nm=4;pause=1;bench=1;armed=0;cmd=14
[WATCH] listen_status: phase=route_landing;px=0.0125;py=0.0075;pz=1.2000;nm=4;pause=1;bench=1;armed=0;cmd=14
[WATCH] listen_status: phase=route_landing;px=0.0125;py=0.0075;pz=1.2000;nm=4;pause=1;bench=1;armed=0;cmd=14
[WATCH] listen_status: phase=route_landing;px=0.0125;py=0.0075;pz=1.2000;nm=4;pause=1;bench=1;armed=0;cmd=14
[WATCH] listen_status: phase=route_landing;px=0.0125;py=0.0075;pz=1.2000;nm=4;pause=1;bench=1;armed=0;cmd=14
[WATCH] listen_status: phase=route_landing;px=0.0125;py=0.0075;pz=1.2000;nm=4;pause=1;bench=1;armed=0;cmd=14
[WATCH] listen_status: phase=route_landing;px=0.0125;py=0.0075;pz=1.2000;nm=4;pause=1;bench=1;armed=0;cmd=14
[WATCH] listen_status: phase=route_landing;px=0.0125;py=0.0075;pz=1.2000;nm=4;pause=1;bench=1;armed=0;cmd=14
[WATCH] listen_status: phase=route_landing;px=0.0125;py=0.0075;pz=1.2000;nm=4;pause=1;bench=1;armed=0;cmd=14
[WATCH] listen_status: phase=route_landing;px=0.0125;py=0.0075;pz=1.2000;nm=4;pause=1;bench=1;armed=0;cmd=14
[WATCH] listen_status: phase=route_landing;px=0.0125;py=0.0075;pz=1.2000;nm=4;pause=1;bench=1;armed=0;cmd=14
[WATCH] listen_status: phase=route_landing;px=0.0125;py=0.0075;pz=1.2000;nm=4;pause=1;bench=1;armed=0;cmd=14
[WATCH] listen_status: phase=route_landing;px=0.0125;py=0.0075;pz=1.2000;nm=4;pause=1;bench=1;armed=0;cmd=14
[WATCH] listen_status: phase=route_landing;px=0.0125;py=0.0075;pz=1.2000;nm=4;pause=1;bench=1;armed=0;cmd=14
[WATCH] listen_status: phase=route_landing;px=0.0125;py=0.0075;pz=1.2000;nm=4;pause=1;bench=1;armed=0;cmd=14
[WATCH] listen_status: phase=route_landing;px=0.0125;py=0.0075;pz=1.2000;nm=4;pause=1;bench=1;armed=0;cmd=14
[WATCH] listen_status: phase=route_landing;px=0.0125;py=0.0075;pz=1.2000;nm=4;pause=1;bench=1;armed=0;cmd=14
[WATCH] listen_status: phase=route_landing;px=0.0125;py=0.0075;pz=1.2000;nm=4;pause=1;bench=1;armed=0;cmd=14
[WATCH] listen_status: phase=route_landing;px=0.0125;py=0.0075;pz=1.2000;nm=4;pause=1;bench=1;armed=0;cmd=14
[WATCH] listen_status: phase=route_landing;px=0.0125;py=0.0075;pz=1.2000;nm=4;pause=1;bench=1;armed=0;cmd=14
[WATCH] listen_status: phase=route_landing;px=0.0125;py=0.0075;pz=1.2000;nm=4;pause=1;bench=1;armed=0;cmd=14
[WATCH] listen_status: phase=route_landing;px=0.0125;py=0.0075;pz=1.2000;nm=4;pause=1;bench=1;armed=0;cmd=14
[WATCH] listen_status: phase=route_landing;px=0.0125;py=0.0075;pz=1.2000;nm=4;pause=1;bench=1;armed=0;cmd=14
[WATCH] listen_status: phase=route_landing;px=0.0125;py=0.0075;pz=1.2000;nm=4;pause=1;bench=1;armed=0;cmd=14
[WATCH] listen_status: phase=route_landing;px=0.0125;py=0.0075;pz=1.2000;nm=4;pause=1;bench=1;armed=0;cmd=14
[WATCH] listen_status: phase=route_landing;px=0.0125;py=0.0075;pz=1.2000;nm=4;pause=1;bench=1;armed=0;cmd=14
[WATCH] listen_status: phase=route_landing;px=0.0125;py=0.0075;pz=1.2000;nm=4;pause=1;bench=1;armed=0;cmd=14
[WATCH] listen_status: phase=route_landing;px=0.0125;py=0.0075;pz=1.2000;nm=4;pause=1;bench=1;armed=0;cmd=14
[WATCH] listen_status: phase=route_landing;px=0.0125;py=0.0075;pz=1.2000;nm=4;pause=1;bench=1;armed=0;cmd=14
[WATCH] listen_status: phase=route_landing;px=0.0125;py=0.0075;pz=1.2000;nm=4;pause=1;bench=1;armed=0;cmd=14
[WATCH] listen_status: phase=route_landing;px=0.0125;py=0.0075;pz=1.2000;nm=4;pause=1;bench=1;armed=0;cmd=14
[WATCH] listen_status: phase=route_landing;px=0.0125;py=0.0075;pz=1.2000;nm=4;pause=1;bench=1;armed=0;cmd=14
[WATCH] listen_status: phase=route_landing;px=0.0125;py=0.0075;pz=1.2000;nm=4;pause=1;bench=1;armed=0;cmd=14
[WATCH] listen_status: phase=route_landing;px=0.0125;py=0.0075;pz=1.2000;nm=4;pause=1;bench=1;armed=0;cmd=14
[WATCH] listen_status: phase=route_landing;px=0.0125;py=0.0075;pz=1.2000;nm=4;pause=1;bench=1;armed=0;cmd=14
[WATCH] listen_status: phase=route_landing;px=0.0125;py=0.0075;pz=1.2000;nm=4;pause=1;bench=1;armed=0;cmd=14
[WATCH] listen_status: phase=route_landing;px=0.0125;py=0.0075;pz=1.2000;nm=4;pause=1;bench=1;armed=0;cmd=14
[WATCH] listen_status: phase=route_landing;px=0.0125;py=0.0075;pz=1.2000;nm=4;pause=1;bench=1;armed=0;cmd=14
[WATCH] listen_status: phase=route_landing;px=0.0125;py=0.0075;pz=1.2000;nm=4;pause=1;bench=1;armed=0;cmd=14
[WATCH] listen_status: phase=route_landing;px=0.0125;py=0.0075;pz=1.2000;nm=4;pause=1;bench=1;armed=0;cmd=14
[WATCH] listen_status: phase=route_landing;px=0.0125;py=0.0075;pz=1.2000;nm=4;pause=1;bench=1;armed=0;cmd=14
[WATCH] listen_status: phase=route_landing;px=0.0125;py=0.0075;pz=1.2000;nm=4;pause=1;bench=1;armed=0;cmd=14
[WATCH] listen_status: phase=route_landing;px=0.0125;py=0.0075;pz=1.2000;nm=4;pause=1;bench=1;armed=0;cmd=14
[WATCH] listen_status: phase=route_landing;px=0.0125;py=0.0075;pz=1.2000;nm=4;pause=1;bench=1;armed=0;cmd=14
[WATCH] listen_status: phase=route_landing;px=0.0125;py=0.0075;pz=1.2000;nm=4;pause=1;bench=1;armed=0;cmd=14
[WATCH] listen_status: phase=route_landing;px=0.0125;py=0.0075;pz=1.2000;nm=4;pause=1;bench=1;armed=0;cmd=14
[WATCH] listen_status: phase=route_landing;px=0.0125;py=0.0075;pz=1.2000;nm=4;pause=1;bench=1;armed=0;cmd=14
[WATCH] listen_status: phase=route_landing;px=0.0125;py=0.0075;pz=1.2000;nm=4;pause=1;bench=1;armed=0;cmd=14
[WATCH] listen_status: phase=route_landing;px=0.0125;py=0.0075;pz=1.2000;nm=4;pause=1;bench=1;armed=0;cmd=14
[WATCH] listen_status: phase=route_landing;px=0.0125;py=0.0075;pz=1.2000;nm=4;pause=1;bench=1;armed=0;cmd=14
[WATCH] listen_status: phase=route_landing;px=0.0125;py=0.0075;pz=1.2000;nm=4;pause=1;bench=1;armed=0;cmd=14
[WATCH] listen_status: phase=route_landing;px=0.0125;py=0.0075;pz=1.2000;nm=4;pause=1;bench=1;armed=0;cmd=14
[WATCH] listen_status: phase=route_landing;px=0.0125;py=0.0075;pz=1.2000;nm=4;pause=1;bench=1;armed=0;cmd=14
[WATCH] listen_status: phase=route_landing;px=0.0125;py=0.0075;pz=1.2000;nm=4;pause=1;bench=1;armed=0;cmd=14
[WATCH] listen_status: phase=route_landing;px=0.0125;py=0.0075;pz=1.2000;nm=4;pause=1;bench=1;armed=0;cmd=14
[WATCH] listen_status: phase=route_landing;px=0.0125;py=0.0075;pz=1.2000;nm=4;pause=1;bench=1;armed=0;cmd=14
[WATCH] listen_status: phase=route_landing;px=0.0125;py=0.0075;pz=1.2000;nm=4;pause=1;bench=1;armed=0;cmd=14
[WATCH] listen_status: phase=route_landing;px=0.0125;py=0.0075;pz=1.2000;nm=4;pause=1;bench=1;armed=0;cmd=14
[WATCH] listen_status: phase=route_landing;px=0.0125;py=0.0075;pz=1.2000;nm=4;pause=1;bench=1;armed=0;cmd=14
[WATCH] listen_status: phase=route_landing;px=0.0125;py=0.0075;pz=1.2000;nm=4;pause=1;bench=1;armed=0;cmd=14
[WATCH] listen_status: phase=route_landing;px=0.0125;py=0.0075;pz=1.2000;nm=4;pause=1;bench=1;armed=0;cmd=14
[WATCH] listen_status: phase=route_landing;px=0.0125;py=0.0075;pz=1.2000;nm=4;pause=1;bench=1;armed=0;cmd=14
[WATCH] listen_status: phase=route_landing;px=0.0125;py=0.0075;pz=1.2000;nm=4;pause=1;bench=1;armed=0;cmd=14
[WATCH] listen_status: phase=route_landing;px=0.0125;py=0.0075;pz=1.2000;nm=4;pause=1;bench=1;armed=0;cmd=14
[WATCH] listen_status: phase=route_landing;px=0.0125;py=0.0075;pz=1.2000;nm=4;pause=1;bench=1;armed=0;cmd=14
[WATCH] listen_status: phase=route_landing;px=0.0125;py=0.0075;pz=1.2000;nm=4;pause=1;bench=1;armed=0;cmd=14
[WATCH] listen_status: phase=route_landing;px=0.0125;py=0.0075;pz=1.2000;nm=4;pause=1;bench=1;armed=0;cmd=14
[WATCH] listen_status: phase=route_landing;px=0.0125;py=0.0075;pz=1.2000;nm=4;pause=1;bench=1;armed=0;cmd=14
[WATCH] listen_status: phase=route_landing;px=0.0125;py=0.0075;pz=1.2000;nm=4;pause=1;bench=1;armed=0;cmd=14
[WATCH] listen_status: phase=route_landing;px=0.0125;py=0.0075;pz=1.2000;nm=4;pause=1;bench=1;armed=0;cmd=14
[WATCH] listen_status: phase=route_landing;px=0.0125;py=0.0075;pz=1.2000;nm=4;pause=1;bench=1;armed=0;cmd=14
[WATCH] listen_status: phase=route_landing;px=0.0125;py=0.0075;pz=1.2000;nm=4;pause=1;bench=1;armed=0;cmd=14
[WATCH] listen_status: phase=route_landing;px=0.0125;py=0.0075;pz=1.2000;nm=4;pause=1;bench=1;armed=0;cmd=14
[WATCH] listen_status: phase=route_landing;px=0.0125;py=0.0075;pz=1.2000;nm=4;pause=1;bench=1;armed=0;cmd=14
[WATCH] listen_status: phase=route_landing;px=0.0125;py=0.0075;pz=1.2000;nm=4;pause=1;bench=1;armed=0;cmd=14
[WATCH] listen_status: phase=route_landing;px=0.0125;py=0.0075;pz=1.2000;nm=4;pause=1;bench=1;armed=0;cmd=14
[WATCH] listen_status: phase=route_landing;px=0.0125;py=0.0075;pz=1.2000;nm=4;pause=1;bench=1;armed=0;cmd=14
[WATCH] listen_status: phase=route_landing;px=0.0125;py=0.0075;pz=1.2000;nm=4;pause=1;bench=1;armed=0;cmd=14
[WATCH] listen_status: phase=route_landing;px=0.0125;py=0.0075;pz=1.2000;nm=4;pause=1;bench=1;armed=0;cmd=14
[WATCH] listen_status: phase=route_landing;px=0.0125;py=0.0075;pz=1.2000;nm=4;pause=1;bench=1;armed=0;cmd=14
[WATCH] listen_status: phase=route_landing;px=0.0125;py=0.0075;pz=1.2000;nm=4;pause=1;bench=1;armed=0;cmd=14
[WATCH] listen_status: phase=route_landing;px=0.0125;py=0.0075;pz=1.2000;nm=4;pause=1;bench=1;armed=0;cmd=14
[WATCH] listen_status: phase=route_landing;px=0.0125;py=0.0075;pz=1.2000;nm=4;pause=1;bench=1;armed=0;cmd=14
[WATCH] listen_status: phase=route_landing;px=0.0125;py=0.0075;pz=1.2000;nm=4;pause=1;bench=1;armed=0;cmd=14
[WATCH] listen_status: phase=route_landing;px=0.0125;py=0.0075;pz=1.2000;nm=4;pause=1;bench=1;armed=0;cmd=14
[WATCH] listen_status: phase=route_landing;px=0.0125;py=0.0075;pz=1.2000;nm=4;pause=1;bench=1;armed=0;cmd=14
[WATCH] listen_status: phase=route_landing;px=0.0125;py=0.0075;pz=1.2000;nm=4;pause=1;bench=1;armed=0;cmd=14
[WATCH] listen_status: phase=route_landing;px=0.0125;py=0.0075;pz=1.2000;nm=4;pause=1;bench=1;armed=0;cmd=14
[WATCH] listen_status: phase=route_landing;px=0.0125;py=0.0075;pz=1.2000;nm=4;pause=1;bench=1;armed=0;cmd=14
[WATCH] listen_status: phase=route_landing;px=0.0125;py=0.0075;pz=1.2000;nm=4;pause=1;bench=1;armed=0;cmd=14
[WATCH] listen_status: phase=route_landing;px=0.0125;py=0.0075;pz=1.2000;nm=4;pause=1;bench=1;armed=0;cmd=14
[WATCH] listen_status: phase=route_landing;px=0.0125;py=0.0075;pz=1.2000;nm=4;pause=1;bench=1;armed=0;cmd=14
[WATCH] listen_status: phase=route_landing;px=0.0125;py=0.0075;pz=1.2000;nm=4;pause=1;bench=1;armed=0;cmd=14
[WATCH] listen_status: phase=route_landing;px=0.0125;py=0.0075;pz=1.2000;nm=4;pause=1;bench=1;armed=0;cmd=14
[WATCH] listen_status: phase=route_landing;px=0.0125;py=0.0075;pz=1.2000;nm=4;pause=1;bench=1;armed=0;cmd=14
[WATCH] listen_status: phase=route_landing;px=0.0125;py=0.0075;pz=1.2000;nm=4;pause=1;bench=1;armed=0;cmd=14
[WATCH] listen_status: phase=route_landing;px=0.0125;py=0.0075;pz=1.2000;nm=4;pause=1;bench=1;armed=0;cmd=14
[WATCH] listen_status: phase=route_landing;px=0.0125;py=0.0075;pz=1.2000;nm=4;pause=1;bench=1;armed=0;cmd=14
[WATCH] listen_status: phase=route_landing;px=0.0125;py=0.0075;pz=1.2000;nm=4;pause=1;bench=1;armed=0;cmd=14
[WATCH] listen_status: phase=route_landing;px=0.0125;py=0.0075;pz=1.2000;nm=4;pause=1;bench=1;armed=0;cmd=14
[WATCH] listen_status: phase=route_landing;px=0.0125;py=0.0075;pz=1.2000;nm=4;pause=1;bench=1;armed=0;cmd=14
[WATCH] listen_status: phase=route_landing;px=0.0125;py=0.0075;pz=1.2000;nm=4;pause=1;bench=1;armed=0;cmd=14
[WATCH] listen_status: phase=route_landing;px=0.0125;py=0.0075;pz=1.2000;nm=4;pause=1;bench=1;armed=0;cmd=14
[WATCH] listen_status: phase=route_landing;px=0.0125;py=0.0075;pz=1.2000;nm=4;pause=1;bench=1;armed=0;cmd=14
[WATCH] listen_status: phase=route_landing;px=0.0125;py=0.0075;pz=1.2000;nm=4;pause=1;bench=1;armed=0;cmd=14
[WATCH] listen_status: phase=route_landing;px=0.0125;py=0.0075;pz=1.2000;nm=4;pause=1;bench=1;armed=0;cmd=14
[WATCH] listen_status: phase=route_landing;px=0.0125;py=0.0075;pz=1.2000;nm=4;pause=1;bench=1;armed=0;cmd=14
[WATCH] listen_status: phase=route_landing;px=0.0125;py=0.0075;pz=1.2000;nm=4;pause=1;bench=1;armed=0;cmd=14
[WATCH] listen_status: phase=route_landing;px=0.0125;py=0.0075;pz=1.2000;nm=4;pause=1;bench=1;armed=0;cmd=14
[WATCH] listen_status: phase=route_landing;px=0.0125;py=0.0075;pz=1.2000;nm=4;pause=1;bench=1;armed=0;cmd=14
[WATCH] listen_status: phase=route_landing;px=0.0125;py=0.0075;pz=1.2000;nm=4;pause=1;bench=1;armed=0;cmd=14
[WATCH] listen_status: phase=route_landing;px=0.0125;py=0.0075;pz=1.2000;nm=4;pause=1;bench=1;armed=0;cmd=14
[WATCH] listen_status: phase=route_landing;px=0.0125;py=0.0075;pz=1.2000;nm=4;pause=1;bench=1;armed=0;cmd=14
[WATCH] listen_status: phase=route_landing;px=0.0125;py=0.0075;pz=1.2000;nm=4;pause=1;bench=1;armed=0;cmd=14
[WATCH] listen_status: phase=route_landing;px=0.0125;py=0.0075;pz=1.2000;nm=4;pause=1;bench=1;armed=0;cmd=14
[WATCH] listen_status: phase=route_landing;px=0.0125;py=0.0075;pz=1.2000;nm=4;pause=1;bench=1;armed=0;cmd=14
[WATCH] listen_status: phase=route_landing;px=0.0125;py=0.0075;pz=1.2000;nm=4;pause=1;bench=1;armed=0;cmd=14
[WATCH] listen_status: phase=route_landing;px=0.0125;py=0.0075;pz=1.2000;nm=4;pause=1;bench=1;armed=0;cmd=14
[WATCH] listen_status: phase=route_landing;px=0.0125;py=0.0075;pz=1.2000;nm=4;pause=1;bench=1;armed=0;cmd=14
[WATCH] listen_status: phase=route_landing;px=0.0125;py=0.0075;pz=1.2000;nm=4;pause=1;bench=1;armed=0;cmd=14
[WATCH] listen_status: phase=route_landing;px=0.0125;py=0.0075;pz=1.2000;nm=4;pause=1;bench=1;armed=0;cmd=14
[WATCH] listen_status: phase=route_landing;px=0.0125;py=0.0075;pz=1.2000;nm=4;pause=1;bench=1;armed=0;cmd=14
[WATCH] listen_status: phase=route_landing;px=0.0125;py=0.0075;pz=1.2000;nm=4;pause=1;bench=1;armed=0;cmd=14
[WATCH] listen_status: phase=route_landing;px=0.0125;py=0.0075;pz=1.2000;nm=4;pause=1;bench=1;armed=0;cmd=14
[WATCH] listen_status: phase=route_landing;px=0.0125;py=0.0075;pz=1.2000;nm=4;pause=1;bench=1;armed=0;cmd=14
[WATCH] listen_status: phase=route_landing;px=0.0125;py=0.0075;pz=1.2000;nm=4;pause=1;bench=1;armed=0;cmd=14
[WATCH] listen_status: phase=route_landing;px=0.0125;py=0.0075;pz=1.2000;nm=4;pause=1;bench=1;armed=0;cmd=14
[WATCH] listen_status: phase=route_landing;px=0.0125;py=0.0075;pz=1.2000;nm=4;pause=1;bench=1;armed=0;cmd=14
[WATCH] listen_status: phase=route_landing;px=0.0125;py=0.0075;pz=1.2000;nm=4;pause=1;bench=1;armed=0;cmd=14
[WATCH] listen_status: phase=route_landing;px=0.0125;py=0.0075;pz=1.2000;nm=4;pause=1;bench=1;armed=0;cmd=14
[WATCH] listen_status: phase=route_landing;px=0.0125;py=0.0075;pz=1.2000;nm=4;pause=1;bench=1;armed=0;cmd=14
[WATCH] listen_status: phase=route_landing;px=0.0125;py=0.0075;pz=1.2000;nm=4;pause=1;bench=1;armed=0;cmd=14
[WATCH] listen_status: phase=route_landing;px=0.0125;py=0.0075;pz=1.2000;nm=4;pause=1;bench=1;armed=0;cmd=14
[WATCH] listen_status: phase=route_landing;px=0.0125;py=0.0075;pz=1.2000;nm=4;pause=1;bench=1;armed=0;cmd=14
[WATCH] listen_status: phase=route_landing;px=0.0125;py=0.0075;pz=1.2000;nm=4;pause=1;bench=1;armed=0;cmd=14
[WATCH] listen_status: phase=route_landing;px=0.0125;py=0.0075;pz=1.2000;nm=4;pause=1;bench=1;armed=0;cmd=14
[WATCH] listen_status: phase=route_landing;px=0.0125;py=0.0075;pz=1.2000;nm=4;pause=1;bench=1;armed=0;cmd=14
[WATCH] listen_status: phase=route_landing;px=0.0125;py=0.0075;pz=1.2000;nm=4;pause=1;bench=1;armed=0;cmd=14
[WATCH] listen_status: phase=route_landing;px=0.0125;py=0.0075;pz=1.2000;nm=4;pause=1;bench=1;armed=0;cmd=14
[WATCH] listen_status: phase=route_landing;px=0.0125;py=0.0075;pz=1.2000;nm=4;pause=1;bench=1;armed=0;cmd=14
[WATCH] listen_status: phase=route_landing;px=0.0125;py=0.0075;pz=1.2000;nm=4;pause=1;bench=1;armed=0;cmd=14
[WATCH] listen_status: phase=route_landing;px=0.0125;py=0.0075;pz=1.2000;nm=4;pause=1;bench=1;armed=0;cmd=14
[WATCH] listen_status: phase=route_landing;px=0.0125;py=0.0075;pz=1.2000;nm=4;pause=1;bench=1;armed=0;cmd=14
[WATCH] listen_status: phase=route_landing;px=0.0125;py=0.0075;pz=1.2000;nm=4;pause=1;bench=1;armed=0;cmd=14
[WATCH] listen_status: phase=route_landing;px=0.0125;py=0.0075;pz=1.2000;nm=4;pause=1;bench=1;armed=0;cmd=14
[WATCH] listen_status: phase=route_landing;px=0.0125;py=0.0075;pz=1.2000;nm=4;pause=1;bench=1;armed=0;cmd=14
[WATCH] listen_status: phase=route_landing;px=0.0125;py=0.0075;pz=1.2000;nm=4;pause=1;bench=1;armed=0;cmd=14
[WATCH] listen_status: phase=route_landing;px=0.0125;py=0.0075;pz=1.2000;nm=4;pause=1;bench=1;armed=0;cmd=14
[WATCH] listen_status: phase=route_landing;px=0.0125;py=0.0075;pz=1.2000;nm=4;pause=1;bench=1;armed=0;cmd=14
[WATCH] listen_status: phase=route_landing;px=0.0125;py=0.0075;pz=1.2000;nm=4;pause=1;bench=1;armed=0;cmd=14
[WATCH] listen_status: phase=route_landing;px=0.0125;py=0.0075;pz=1.2000;nm=4;pause=1;bench=1;armed=0;cmd=14
[WATCH] listen_status: phase=route_landing;px=0.0125;py=0.0075;pz=1.2000;nm=4;pause=1;bench=1;armed=0;cmd=14
[WATCH] listen_status: phase=route_landing;px=0.0125;py=0.0075;pz=1.2000;nm=4;pause=1;bench=1;armed=0;cmd=14
[WATCH] listen_status: phase=route_landing;px=0.0125;py=0.0075;pz=1.2000;nm=4;pause=1;bench=1;armed=0;cmd=14
[WATCH] listen_status: phase=route_landing;px=0.0125;py=0.0075;pz=1.2000;nm=4;pause=1;bench=1;armed=0;cmd=14
[WATCH] listen_status: phase=route_landing;px=0.0125;py=0.0075;pz=1.2000;nm=4;pause=1;bench=1;armed=0;cmd=14
[WATCH] listen_status: phase=route_landing;px=0.0125;py=0.0075;pz=1.2000;nm=4;pause=1;bench=1;armed=0;cmd=14
[WATCH] listen_status: phase=route_landing;px=0.0125;py=0.0075;pz=1.2000;nm=4;pause=1;bench=1;armed=0;cmd=14
[WATCH] listen_status: phase=route_landing;px=0.0125;py=0.0075;pz=1.2000;nm=4;pause=1;bench=1;armed=0;cmd=14
[WATCH] listen_status: phase=route_landing;px=0.0125;py=0.0075;pz=1.2000;nm=4;pause=1;bench=1;armed=0;cmd=14
[WATCH] listen_status: phase=route_landing;px=0.0125;py=0.0075;pz=1.2000;nm=4;pause=1;bench=1;armed=0;cmd=14
[WATCH] listen_status: phase=route_landing;px=0.0125;py=0.0075;pz=1.2000;nm=4;pause=1;bench=1;armed=0;cmd=14
[WATCH] listen_status: phase=route_landing;px=0.0125;py=0.0075;pz=1.2000;nm=4;pause=1;bench=1;armed=0;cmd=14
[WATCH] listen_status: phase=route_landing;px=0.0125;py=0.0075;pz=1.2000;nm=4;pause=1;bench=1;armed=0;cmd=14
[WATCH] listen_status: phase=route_landing;px=0.0125;py=0.0075;pz=1.2000;nm=4;pause=1;bench=1;armed=0;cmd=14
[WATCH] listen_status: phase=route_landing;px=0.0125;py=0.0075;pz=1.2000;nm=4;pause=1;bench=1;armed=0;cmd=14
[WATCH] listen_status: phase=route_landing;px=0.0125;py=0.0075;pz=1.2000;nm=4;pause=1;bench=1;armed=0;cmd=14
[WATCH] listen_status: phase=route_landing;px=0.0125;py=0.0075;pz=1.2000;nm=4;pause=1;bench=1;armed=0;cmd=14
[WATCH] listen_status: phase=route_landing;px=0.0125;py=0.0075;pz=1.2000;nm=4;pause=1;bench=1;armed=0;cmd=14
[WATCH] listen_status: phase=route_landing;px=0.0125;py=0.0075;pz=1.2000;nm=4;pause=1;bench=1;armed=0;cmd=14
[WATCH] listen_status: phase=route_landing;px=0.0125;py=0.0075;pz=1.2000;nm=4;pause=1;bench=1;armed=0;cmd=14
[WATCH] listen_status: phase=route_landing;px=0.0125;py=0.0075;pz=1.2000;nm=4;pause=1;bench=1;armed=0;cmd=14
[WATCH] listen_status: phase=route_landing;px=0.0125;py=0.0075;pz=1.2000;nm=4;pause=1;bench=1;armed=0;cmd=14
[WATCH] listen_status: phase=route_landing;px=0.0125;py=0.0075;pz=1.2000;nm=4;pause=1;bench=1;armed=0;cmd=14
[WATCH] listen_status: phase=route_landing;px=0.0125;py=0.0075;pz=1.2000;nm=4;pause=1;bench=1;armed=0;cmd=14
[WATCH] listen_status: phase=route_landing;px=0.0125;py=0.0075;pz=1.2000;nm=4;pause=1;bench=1;armed=0;cmd=14
[WATCH] listen_status: phase=route_landing;px=0.0125;py=0.0075;pz=1.2000;nm=4;pause=1;bench=1;armed=0;cmd=14
[WATCH] listen_status: phase=route_landing;px=0.0125;py=0.0075;pz=1.2000;nm=4;pause=1;bench=1;armed=0;cmd=14
[WATCH] listen_status: phase=route_landing;px=0.0125;py=0.0075;pz=1.2000;nm=4;pause=1;bench=1;armed=0;cmd=14
[WATCH] listen_status: phase=route_landing;px=0.0125;py=0.0075;pz=1.2000;nm=4;pause=1;bench=1;armed=0;cmd=14
[WATCH] listen_status: phase=route_landing;px=0.0125;py=0.0075;pz=1.2000;nm=4;pause=1;bench=1;armed=0;cmd=14
[WATCH] listen_status: phase=route_landing;px=0.0125;py=0.0075;pz=1.2000;nm=4;pause=1;bench=1;armed=0;cmd=14
[WATCH] listen_status: phase=route_landing;px=0.0125;py=0.0075;pz=1.2000;nm=4;pause=1;bench=1;armed=0;cmd=14
[WATCH] listen_status: phase=route_landing;px=0.0125;py=0.0075;pz=1.2000;nm=4;pause=1;bench=1;armed=0;cmd=14
[WATCH] listen_status: phase=route_landing;px=0.0125;py=0.0075;pz=1.2000;nm=4;pause=1;bench=1;armed=0;cmd=14
[WATCH] listen_status: phase=route_landing;px=0.0125;py=0.0075;pz=1.2000;nm=4;pause=1;bench=1;armed=0;cmd=14
[WATCH] listen_status: phase=route_landing;px=0.0125;py=0.0075;pz=1.2000;nm=4;pause=1;bench=1;armed=0;cmd=14
[WATCH] listen_status: phase=route_landing;px=0.0125;py=0.0075;pz=1.2000;nm=4;pause=1;bench=1;armed=0;cmd=14
[WATCH] listen_status: phase=route_landing;px=0.0125;py=0.0075;pz=1.2000;nm=4;pause=1;bench=1;armed=0;cmd=14
[WATCH] listen_status: phase=route_landing;px=0.0125;py=0.0075;pz=1.2000;nm=4;pause=1;bench=1;armed=0;cmd=14
[WATCH] listen_status: phase=route_landing;px=0.0125;py=0.0075;pz=1.2000;nm=4;pause=1;bench=1;armed=0;cmd=14
[WATCH] listen_status: phase=route_landing;px=0.0125;py=0.0075;pz=1.2000;nm=4;pause=1;bench=1;armed=0;cmd=14
[WATCH] listen_status: phase=route_landing;px=0.0125;py=0.0075;pz=1.2000;nm=4;pause=1;bench=1;armed=0;cmd=14
[WATCH] listen_status: phase=route_landing;px=0.0125;py=0.0075;pz=1.2000;nm=4;pause=1;bench=1;armed=0;cmd=14
[WATCH] listen_status: phase=route_landing;px=0.0125;py=0.0075;pz=1.2000;nm=4;pause=1;bench=1;armed=0;cmd=14
[WATCH] listen_status: phase=route_landing;px=0.0125;py=0.0075;pz=1.2000;nm=4;pause=1;bench=1;armed=0;cmd=14
[WATCH] listen_status: phase=route_landing;px=0.0125;py=0.0075;pz=1.2000;nm=4;pause=1;bench=1;armed=0;cmd=14
[WATCH] listen_status: phase=route_landing;px=0.0125;py=0.0075;pz=1.2000;nm=4;pause=1;bench=1;armed=0;cmd=14
[WATCH] listen_status: phase=route_landing;px=0.0125;py=0.0075;pz=1.2000;nm=4;pause=1;bench=1;armed=0;cmd=14
[WATCH] listen_status: phase=route_landing;px=0.0125;py=0.0075;pz=1.2000;nm=4;pause=1;bench=1;armed=0;cmd=14
[WATCH] listen_status: phase=route_landing;px=0.0125;py=0.0075;pz=1.2000;nm=4;pause=1;bench=1;armed=0;cmd=14
[WATCH] listen_status: phase=route_landing;px=0.0125;py=0.0075;pz=1.2000;nm=4;pause=1;bench=1;armed=0;cmd=14
[WATCH] listen_status: phase=route_landing;px=0.0125;py=0.0075;pz=1.2000;nm=4;pause=1;bench=1;armed=0;cmd=14
[WATCH] listen_status: phase=route_landing;px=0.0125;py=0.0075;pz=1.2000;nm=4;pause=1;bench=1;armed=0;cmd=14
[WATCH] listen_status: phase=route_landing;px=0.0125;py=0.0075;pz=1.2000;nm=4;pause=1;bench=1;armed=0;cmd=14
[WATCH] listen_status: phase=route_landing;px=0.0125;py=0.0075;pz=1.2000;nm=4;pause=1;bench=1;armed=0;cmd=14
[WATCH] listen_status: phase=route_landing;px=0.0125;py=0.0075;pz=1.2000;nm=4;pause=1;bench=1;armed=0;cmd=14
[WATCH] listen_status: phase=route_landing;px=0.0125;py=0.0075;pz=1.2000;nm=4;pause=1;bench=1;armed=0;cmd=14
[WATCH] listen_status: phase=route_landing;px=0.0125;py=0.0075;pz=1.2000;nm=4;pause=1;bench=1;armed=0;cmd=14
[WATCH] listen_status: phase=route_landing;px=0.0125;py=0.0075;pz=1.2000;nm=4;pause=1;bench=1;armed=0;cmd=14
[WATCH] listen_status: phase=route_landing;px=0.0125;py=0.0075;pz=1.2000;nm=4;pause=1;bench=1;armed=0;cmd=14
[WATCH] listen_status: phase=route_landing;px=0.0125;py=0.0075;pz=1.2000;nm=4;pause=1;bench=1;armed=0;cmd=14
[WATCH] listen_status: phase=route_landing;px=0.0125;py=0.0075;pz=1.2000;nm=4;pause=1;bench=1;armed=0;cmd=14
[WATCH] listen_status: phase=route_landing;px=0.0125;py=0.0075;pz=1.2000;nm=4;pause=1;bench=1;armed=0;cmd=14
[WATCH] listen_status: phase=route_landing;px=0.0125;py=0.0075;pz=1.2000;nm=4;pause=1;bench=1;armed=0;cmd=14
[WATCH] listen_status: phase=route_landing;px=0.0125;py=0.0075;pz=1.2000;nm=4;pause=1;bench=1;armed=0;cmd=14
[WATCH] listen_status: phase=route_landing;px=0.0125;py=0.0075;pz=1.2000;nm=4;pause=1;bench=1;armed=0;cmd=14
[WATCH] listen_status: phase=route_landing;px=0.0125;py=0.0075;pz=1.2000;nm=4;pause=1;bench=1;armed=0;cmd=14
[WATCH] listen_status: phase=route_landing;px=0.0125;py=0.0075;pz=1.2000;nm=4;pause=1;bench=1;armed=0;cmd=14
[WATCH] listen_status: phase=route_landing;px=0.0125;py=0.0075;pz=1.2000;nm=4;pause=1;bench=1;armed=0;cmd=14
[WATCH] listen_status: phase=route_landing;px=0.0125;py=0.0075;pz=1.2000;nm=4;pause=1;bench=1;armed=0;cmd=14
[WATCH] listen_status: phase=route_landing;px=0.0125;py=0.0075;pz=1.2000;nm=4;pause=1;bench=1;armed=0;cmd=14
[WATCH] listen_status: phase=route_landing;px=0.0125;py=0.0075;pz=1.2000;nm=4;pause=1;bench=1;armed=0;cmd=14
[WATCH] listen_status: phase=route_landing;px=0.0125;py=0.0075;pz=1.2000;nm=4;pause=1;bench=1;armed=0;cmd=14
[WATCH] listen_status: phase=route_landing;px=0.0125;py=0.0075;pz=1.2000;nm=4;pause=1;bench=1;armed=0;cmd=14
[WATCH] listen_status: phase=route_landing;px=0.0125;py=0.0075;pz=1.2000;nm=4;pause=1;bench=1;armed=0;cmd=14
[WATCH] listen_status: phase=route_landing;px=0.0125;py=0.0075;pz=1.2000;nm=4;pause=1;bench=1;armed=0;cmd=14
[WATCH] listen_status: phase=route_landing;px=0.0125;py=0.0075;pz=1.2000;nm=4;pause=1;bench=1;armed=0;cmd=14
[WATCH] listen_status: phase=route_landing;px=0.0125;py=0.0075;pz=1.2000;nm=4;pause=1;bench=1;armed=0;cmd=14
[WATCH] listen_status: phase=route_landing;px=0.0125;py=0.0075;pz=1.2000;nm=4;pause=1;bench=1;armed=0;cmd=14
[WATCH] listen_status: phase=route_landing;px=0.0125;py=0.0075;pz=1.2000;nm=4;pause=1;bench=1;armed=0;cmd=14
[WATCH] listen_status: phase=route_landing;px=0.0125;py=0.0075;pz=1.2000;nm=4;pause=1;bench=1;armed=0;cmd=14
[WATCH] listen_status: phase=route_landing;px=0.0125;py=0.0075;pz=1.2000;nm=4;pause=1;bench=1;armed=0;cmd=14
[WATCH] listen_status: phase=route_landing;px=0.0125;py=0.0075;pz=1.2000;nm=4;pause=1;bench=1;armed=0;cmd=14
[WATCH] listen_status: phase=route_landing;px=0.0125;py=0.0075;pz=1.2000;nm=4;pause=1;bench=1;armed=0;cmd=14
[WATCH] listen_status: phase=route_landing;px=0.0125;py=0.0075;pz=1.2000;nm=4;pause=1;bench=1;armed=0;cmd=14
[WATCH] listen_status: phase=route_landing;px=0.0125;py=0.0075;pz=1.2000;nm=4;pause=1;bench=1;armed=0;cmd=14
[WATCH] listen_status: phase=route_landing;px=0.0125;py=0.0075;pz=1.2000;nm=4;pause=1;bench=1;armed=0;cmd=14
[WATCH] listen_status: phase=route_landing;px=0.0125;py=0.0075;pz=1.2000;nm=4;pause=1;bench=1;armed=0;cmd=14
[WATCH] listen_status: phase=route_landing;px=0.0125;py=0.0075;pz=1.2000;nm=4;pause=1;bench=1;armed=0;cmd=14
[WATCH] listen_status: phase=route_landing;px=0.0125;py=0.0075;pz=1.2000;nm=4;pause=1;bench=1;armed=0;cmd=14
[WATCH] listen_status: phase=route_landing;px=0.0125;py=0.0075;pz=1.2000;nm=4;pause=1;bench=1;armed=0;cmd=14
[WATCH] listen_status: phase=route_landing;px=0.0125;py=0.0075;pz=1.2000;nm=4;pause=1;bench=1;armed=0;cmd=14
[WATCH] listen_status: phase=route_landing;px=0.0125;py=0.0075;pz=1.2000;nm=4;pause=1;bench=1;armed=0;cmd=14
[WATCH] listen_status: phase=route_landing;px=0.0125;py=0.0075;pz=1.2000;nm=4;pause=1;bench=1;armed=0;cmd=14
[WATCH] listen_status: phase=route_landing;px=0.0125;py=0.0075;pz=1.2000;nm=4;pause=1;bench=1;armed=0;cmd=14
[WATCH] listen_status: phase=route_landing;px=0.0125;py=0.0075;pz=1.2000;nm=4;pause=1;bench=1;armed=0;cmd=14
[WATCH] listen_status: phase=route_landing;px=0.0125;py=0.0075;pz=1.2000;nm=4;pause=1;bench=1;armed=0;cmd=14
[WATCH] listen_status: phase=route_landing;px=0.0125;py=0.0075;pz=1.2000;nm=4;pause=1;bench=1;armed=0;cmd=14
[WATCH] listen_status: phase=route_landing;px=0.0125;py=0.0075;pz=1.2000;nm=4;pause=1;bench=1;armed=0;cmd=14
[WATCH] listen_status: phase=route_landing;px=0.0125;py=0.0075;pz=1.2000;nm=4;pause=1;bench=1;armed=0;cmd=14
[WATCH] listen_status: phase=route_landing;px=0.0125;py=0.0075;pz=1.2000;nm=4;pause=1;bench=1;armed=0;cmd=14
[WATCH] listen_status: phase=route_landing;px=0.0125;py=0.0075;pz=1.2000;nm=4;pause=1;bench=1;armed=0;cmd=14
[WATCH] listen_status: phase=route_landing;px=0.0125;py=0.0075;pz=1.2000;nm=4;pause=1;bench=1;armed=0;cmd=14
[WATCH] listen_status: phase=route_landing;px=0.0125;py=0.0075;pz=1.2000;nm=4;pause=1;bench=1;armed=0;cmd=14
[WATCH] listen_status: phase=route_landing;px=0.0125;py=0.0075;pz=1.2000;nm=4;pause=1;bench=1;armed=0;cmd=14
[WATCH] listen_status: phase=route_landing;px=0.0125;py=0.0075;pz=1.2000;nm=4;pause=1;bench=1;armed=0;cmd=14
[WATCH] listen_status: phase=route_landing;px=0.0125;py=0.0075;pz=1.2000;nm=4;pause=1;bench=1;armed=0;cmd=14
[WATCH] listen_status: phase=route_landing;px=0.0125;py=0.0075;pz=1.2000;nm=4;pause=1;bench=1;armed=0;cmd=14
[WATCH] listen_status: phase=route_landing;px=0.0125;py=0.0075;pz=1.2000;nm=4;pause=1;bench=1;armed=0;cmd=14
[WATCH] listen_status: phase=route_landing;px=0.0125;py=0.0075;pz=1.2000;nm=4;pause=1;bench=1;armed=0;cmd=14
[WATCH] listen_status: phase=route_landing;px=0.0125;py=0.0075;pz=1.2000;nm=4;pause=1;bench=1;armed=0;cmd=14
[WATCH] listen_status: phase=route_landing;px=0.0125;py=0.0075;pz=1.2000;nm=4;pause=1;bench=1;armed=0;cmd=14
[WATCH] listen_status: phase=route_landing;px=0.0125;py=0.0075;pz=1.2000;nm=4;pause=1;bench=1;armed=0;cmd=14
[WATCH] listen_status: phase=route_landing;px=0.0125;py=0.0075;pz=1.2000;nm=4;pause=1;bench=1;armed=0;cmd=14
[WATCH] listen_status: phase=route_landing;px=0.0125;py=0.0075;pz=1.2000;nm=4;pause=1;bench=1;armed=0;cmd=14
[WATCH] listen_status: phase=route_landing;px=0.0125;py=0.0075;pz=1.2000;nm=4;pause=1;bench=1;armed=0;cmd=14
[WATCH] listen_status: phase=route_landing;px=0.0125;py=0.0075;pz=1.2000;nm=4;pause=1;bench=1;armed=0;cmd=14
[WATCH] listen_status: phase=route_landing;px=0.0125;py=0.0075;pz=1.2000;nm=4;pause=1;bench=1;armed=0;cmd=14
[WATCH] listen_status: phase=route_landing;px=0.0125;py=0.0075;pz=1.2000;nm=4;pause=1;bench=1;armed=0;cmd=14
[WATCH] listen_status: phase=route_landing;px=0.0125;py=0.0075;pz=1.2000;nm=4;pause=1;bench=1;armed=0;cmd=14
[WATCH] listen_status: phase=route_landing;px=0.0125;py=0.0075;pz=1.2000;nm=4;pause=1;bench=1;armed=0;cmd=14
[WATCH] listen_status: phase=route_landing;px=0.0125;py=0.0075;pz=1.2000;nm=4;pause=1;bench=1;armed=0;cmd=14
[WATCH] listen_status: phase=route_landing;px=0.0125;py=0.0075;pz=1.2000;nm=4;pause=1;bench=1;armed=0;cmd=14
[WATCH] listen_status: phase=route_landing;px=0.0125;py=0.0075;pz=1.2000;nm=4;pause=1;bench=1;armed=0;cmd=14
[WATCH] listen_status: phase=route_landing;px=0.0125;py=0.0075;pz=1.2000;nm=4;pause=1;bench=1;armed=0;cmd=14
[WATCH] listen_status: phase=route_landing;px=0.0125;py=0.0075;pz=1.2000;nm=4;pause=1;bench=1;armed=0;cmd=14
[WATCH] listen_status: phase=route_landing;px=0.0125;py=0.0075;pz=1.2000;nm=4;pause=1;bench=1;armed=0;cmd=14
[WATCH] listen_status: phase=route_landing;px=0.0125;py=0.0075;pz=1.2000;nm=4;pause=1;bench=1;armed=0;cmd=14
[WATCH] listen_status: phase=route_landing;px=0.0125;py=0.0075;pz=1.2000;nm=4;pause=1;bench=1;armed=0;cmd=14
[WATCH] listen_status: phase=route_landing;px=0.0125;py=0.0075;pz=1.2000;nm=4;pause=1;bench=1;armed=0;cmd=14
[WATCH] listen_status: phase=route_landing;px=0.0125;py=0.0075;pz=1.2000;nm=4;pause=1;bench=1;armed=0;cmd=14
[WATCH] listen_status: phase=route_landing;px=0.0125;py=0.0075;pz=1.2000;nm=4;pause=1;bench=1;armed=0;cmd=14
[WATCH] listen_status: phase=route_landing;px=0.0125;py=0.0075;pz=1.2000;nm=4;pause=1;bench=1;armed=0;cmd=14
[WATCH] listen_status: phase=route_landing;px=0.0125;py=0.0075;pz=1.2000;nm=4;pause=1;bench=1;armed=0;cmd=14
[WATCH] listen_status: phase=route_landing;px=0.0125;py=0.0075;pz=1.2000;nm=4;pause=1;bench=1;armed=0;cmd=14
[WATCH] listen_status: phase=route_landing;px=0.0125;py=0.0075;pz=1.2000;nm=4;pause=1;bench=1;armed=0;cmd=14
[WATCH] listen_status: phase=route_landing;px=0.0125;py=0.0075;pz=1.2000;nm=4;pause=1;bench=1;armed=0;cmd=14
[WATCH] listen_status: phase=route_landing;px=0.0125;py=0.0075;pz=1.2000;nm=4;pause=1;bench=1;armed=0;cmd=14
[WATCH] listen_status: phase=route_landing;px=0.0125;py=0.0075;pz=1.2000;nm=4;pause=1;bench=1;armed=0;cmd=14
[WATCH] listen_status: phase=route_landing;px=0.0125;py=0.0075;pz=1.2000;nm=4;pause=1;bench=1;armed=0;cmd=14
[WATCH] listen_status: phase=route_landing;px=0.0125;py=0.0075;pz=1.2000;nm=4;pause=1;bench=1;armed=0;cmd=14
[WATCH] listen_status: phase=route_landing;px=0.0125;py=0.0075;pz=1.2000;nm=4;pause=1;bench=1;armed=0;cmd=14
[WATCH] listen_status: phase=route_landing;px=0.0125;py=0.0075;pz=1.2000;nm=4;pause=1;bench=1;armed=0;cmd=14
[WATCH] listen_status: phase=route_landing;px=0.0125;py=0.0075;pz=1.2000;nm=4;pause=1;bench=1;armed=0;cmd=14
[WATCH] listen_status: phase=route_landing;px=0.0125;py=0.0075;pz=1.2000;nm=4;pause=1;bench=1;armed=0;cmd=14
[WATCH] listen_status: phase=route_landing;px=0.0125;py=0.0075;pz=1.2000;nm=4;pause=1;bench=1;armed=0;cmd=14
[WATCH] listen_status: phase=route_landing;px=0.0125;py=0.0075;pz=1.2000;nm=4;pause=1;bench=1;armed=0;cmd=14
[WATCH] listen_status: phase=route_landing;px=0.0125;py=0.0075;pz=1.2000;nm=4;pause=1;bench=1;armed=0;cmd=14
[WATCH] listen_status: phase=route_landing;px=0.0125;py=0.0075;pz=1.2000;nm=4;pause=1;bench=1;armed=0;cmd=14
[WATCH] listen_status: phase=route_landing;px=0.0125;py=0.0075;pz=1.2000;nm=4;pause=1;bench=1;armed=0;cmd=14
[WATCH] listen_status: phase=route_landing;px=0.0125;py=0.0075;pz=1.2000;nm=4;pause=1;bench=1;armed=0;cmd=14
[WATCH] listen_status: phase=route_landing;px=0.0125;py=0.0075;pz=1.2000;nm=4;pause=1;bench=1;armed=0;cmd=14
[WATCH] listen_status: phase=route_landing;px=0.0125;py=0.0075;pz=1.2000;nm=4;pause=1;bench=1;armed=0;cmd=14
[WATCH] listen_status: phase=route_landing;px=0.0125;py=0.0075;pz=1.2000;nm=4;pause=1;bench=1;armed=0;cmd=14
[WATCH] listen_status: phase=route_landing;px=0.0125;py=0.0075;pz=1.2000;nm=4;pause=1;bench=1;armed=0;cmd=14
[WATCH] listen_status: phase=route_landing;px=0.0125;py=0.0075;pz=1.2000;nm=4;pause=1;bench=1;armed=0;cmd=14
[WATCH] listen_status: phase=route_landing;px=0.0125;py=0.0075;pz=1.2000;nm=4;pause=1;bench=1;armed=0;cmd=14
[WATCH] listen_status: phase=route_landing;px=0.0125;py=0.0075;pz=1.2000;nm=4;pause=1;bench=1;armed=0;cmd=14
[WATCH] listen_status: phase=route_landing;px=0.0125;py=0.0075;pz=1.2000;nm=4;pause=1;bench=1;armed=0;cmd=14
[WATCH] listen_status: phase=route_landing;px=0.0125;py=0.0075;pz=1.2000;nm=4;pause=1;bench=1;armed=0;cmd=14
[WATCH] listen_status: phase=route_landing;px=0.0125;py=0.0075;pz=1.2000;nm=4;pause=1;bench=1;armed=0;cmd=14
[WATCH] listen_status: phase=route_landing;px=0.0125;py=0.0075;pz=1.2000;nm=4;pause=1;bench=1;armed=0;cmd=14
[WATCH] listen_status: phase=route_landing;px=0.0125;py=0.0075;pz=1.2000;nm=4;pause=1;bench=1;armed=0;cmd=14
[WATCH] listen_status: phase=route_landing;px=0.0125;py=0.0075;pz=1.2000;nm=4;pause=1;bench=1;armed=0;cmd=14
[WATCH] listen_status: phase=route_landing;px=0.0125;py=0.0075;pz=1.2000;nm=4;pause=1;bench=1;armed=0;cmd=14
[WATCH] listen_status: phase=route_landing;px=0.0125;py=0.0075;pz=1.2000;nm=4;pause=1;bench=1;armed=0;cmd=14
[WATCH] listen_status: phase=route_landing;px=0.0125;py=0.0075;pz=1.2000;nm=4;pause=1;bench=1;armed=0;cmd=14
[WATCH] listen_status: phase=route_landing;px=0.0125;py=0.0075;pz=1.2000;nm=4;pause=1;bench=1;armed=0;cmd=14
[WATCH] listen_status: phase=route_landing;px=0.0125;py=0.0075;pz=1.2000;nm=4;pause=1;bench=1;armed=0;cmd=14
[WATCH] listen_status: phase=route_landing;px=0.0125;py=0.0075;pz=1.2000;nm=4;pause=1;bench=1;armed=0;cmd=14
[WATCH] listen_status: phase=route_landing;px=0.0125;py=0.0075;pz=1.2000;nm=4;pause=1;bench=1;armed=0;cmd=14
[WATCH] listen_status: phase=route_landing;px=0.0125;py=0.0075;pz=1.2000;nm=4;pause=1;bench=1;armed=0;cmd=14
[WATCH] listen_status: phase=route_landing;px=0.0125;py=0.0075;pz=1.2000;nm=4;pause=1;bench=1;armed=0;cmd=14
[WATCH] listen_status: phase=route_landing;px=0.0125;py=0.0075;pz=1.2000;nm=4;pause=1;bench=1;armed=0;cmd=14
[WATCH] listen_status: phase=route_landing;px=0.0125;py=0.0075;pz=1.2000;nm=4;pause=1;bench=1;armed=0;cmd=14
[WATCH] listen_status: phase=route_landing;px=0.0125;py=0.0075;pz=1.2000;nm=4;pause=1;bench=1;armed=0;cmd=14
[WATCH] listen_status: phase=route_landing;px=0.0125;py=0.0075;pz=1.2000;nm=4;pause=1;bench=1;armed=0;cmd=14
[WATCH] listen_status: phase=route_landing;px=0.0125;py=0.0075;pz=1.2000;nm=4;pause=1;bench=1;armed=0;cmd=14
[WATCH] listen_status: phase=route_landing;px=0.0125;py=0.0075;pz=1.2000;nm=4;pause=1;bench=1;armed=0;cmd=14
[WATCH] listen_status: phase=route_landing;px=0.0125;py=0.0075;pz=1.2000;nm=4;pause=1;bench=1;armed=0;cmd=14
[WATCH] listen_status: phase=route_landing;px=0.0125;py=0.0075;pz=1.2000;nm=4;pause=1;bench=1;armed=0;cmd=14
[WATCH] listen_status: phase=route_landing;px=0.0125;py=0.0075;pz=1.2000;nm=4;pause=1;bench=1;armed=0;cmd=14
[WATCH] listen_status: phase=route_landing;px=0.0125;py=0.0075;pz=1.2000;nm=4;pause=1;bench=1;armed=0;cmd=14
[WATCH] listen_status: phase=route_landing;px=0.0125;py=0.0075;pz=1.2000;nm=4;pause=1;bench=1;armed=0;cmd=14
[WATCH] listen_status: phase=route_landing;px=0.0125;py=0.0075;pz=1.2000;nm=4;pause=1;bench=1;armed=0;cmd=14
[WATCH] listen_status: phase=route_landing;px=0.0125;py=0.0075;pz=1.2000;nm=4;pause=1;bench=1;armed=0;cmd=14
[WATCH] listen_status: phase=route_landing;px=0.0125;py=0.0075;pz=1.2000;nm=4;pause=1;bench=1;armed=0;cmd=14
[WATCH] listen_status: phase=route_landing;px=0.0125;py=0.0075;pz=1.2000;nm=4;pause=1;bench=1;armed=0;cmd=14
[WATCH] listen_status: phase=route_landing;px=0.0125;py=0.0075;pz=1.2000;nm=4;pause=1;bench=1;armed=0;cmd=14
[WATCH] listen_status: phase=route_landing;px=0.0125;py=0.0075;pz=1.2000;nm=4;pause=1;bench=1;armed=0;cmd=14
[WATCH] listen_status: phase=route_landing;px=0.0125;py=0.0075;pz=1.2000;nm=4;pause=1;bench=1;armed=0;cmd=14
[WATCH] listen_status: phase=route_landing;px=0.0125;py=0.0075;pz=1.2000;nm=4;pause=1;bench=1;armed=0;cmd=14
[WATCH] listen_status: phase=route_landing;px=0.0125;py=0.0075;pz=1.2000;nm=4;pause=1;bench=1;armed=0;cmd=14
[WATCH] listen_status: phase=route_landing;px=0.0125;py=0.0075;pz=1.2000;nm=4;pause=1;bench=1;armed=0;cmd=14
[WATCH] listen_status: phase=route_landing;px=0.0125;py=0.0075;pz=1.2000;nm=4;pause=1;bench=1;armed=0;cmd=14
[WATCH] listen_status: phase=route_landing;px=0.0125;py=0.0075;pz=1.2000;nm=4;pause=1;bench=1;armed=0;cmd=14
[WATCH] listen_status: phase=route_landing;px=0.0125;py=0.0075;pz=1.2000;nm=4;pause=1;bench=1;armed=0;cmd=14
[WATCH] listen_status: phase=route_landing;px=0.0125;py=0.0075;pz=1.2000;nm=4;pause=1;bench=1;armed=0;cmd=14
[WATCH] listen_status: phase=route_landing;px=0.0125;py=0.0075;pz=1.2000;nm=4;pause=1;bench=1;armed=0;cmd=14
[WATCH] listen_status: phase=route_landing;px=0.0125;py=0.0075;pz=1.2000;nm=4;pause=1;bench=1;armed=0;cmd=14
[WATCH] listen_status: phase=route_landing;px=0.0125;py=0.0075;pz=1.2000;nm=4;pause=1;bench=1;armed=0;cmd=14
[WATCH] listen_status: phase=route_landing;px=0.0125;py=0.0075;pz=1.2000;nm=4;pause=1;bench=1;armed=0;cmd=14
[WATCH] listen_status: phase=route_landing;px=0.0125;py=0.0075;pz=1.2000;nm=4;pause=1;bench=1;armed=0;cmd=14
[WATCH] listen_status: phase=route_landing;px=0.0125;py=0.0075;pz=1.2000;nm=4;pause=1;bench=1;armed=0;cmd=14
[WATCH] listen_status: phase=route_landing;px=0.0125;py=0.0075;pz=1.2000;nm=4;pause=1;bench=1;armed=0;cmd=14
[WATCH] listen_status: phase=route_landing;px=0.0125;py=0.0075;pz=1.2000;nm=4;pause=1;bench=1;armed=0;cmd=14
[WATCH] listen_status: phase=route_landing;px=0.0125;py=0.0075;pz=1.2000;nm=4;pause=1;bench=1;armed=0;cmd=14
[WATCH] listen_status: phase=route_landing;px=0.0125;py=0.0075;pz=1.2000;nm=4;pause=1;bench=1;armed=0;cmd=14
[WATCH] listen_status: phase=route_landing;px=0.0125;py=0.0075;pz=1.2000;nm=4;pause=1;bench=1;armed=0;cmd=14
[WATCH] listen_status: phase=route_landing;px=0.0125;py=0.0075;pz=1.2000;nm=4;pause=1;bench=1;armed=0;cmd=14
[WATCH] listen_status: phase=route_landing;px=0.0125;py=0.0075;pz=1.2000;nm=4;pause=1;bench=1;armed=0;cmd=14
[WATCH] listen_status: phase=route_landing;px=0.0125;py=0.0075;pz=1.2000;nm=4;pause=1;bench=1;armed=0;cmd=14
[WATCH] listen_status: phase=route_landing;px=0.0125;py=0.0075;pz=1.2000;nm=4;pause=1;bench=1;armed=0;cmd=14
[WATCH] listen_status: phase=route_landing;px=0.0125;py=0.0075;pz=1.2000;nm=4;pause=1;bench=1;armed=0;cmd=14
[WATCH] listen_status: phase=route_landing;px=0.0125;py=0.0075;pz=1.2000;nm=4;pause=1;bench=1;armed=0;cmd=14
[WATCH] listen_status: phase=route_landing;px=0.0125;py=0.0075;pz=1.2000;nm=4;pause=1;bench=1;armed=0;cmd=14
[WATCH] listen_status: phase=route_landing;px=0.0125;py=0.0075;pz=1.2000;nm=4;pause=1;bench=1;armed=0;cmd=14
[WATCH] listen_status: phase=route_landing;px=0.0125;py=0.0075;pz=1.2000;nm=4;pause=1;bench=1;armed=0;cmd=14
[WATCH] listen_status: phase=route_landing;px=0.0125;py=0.0075;pz=1.2000;nm=4;pause=1;bench=1;armed=0;cmd=14
[WATCH] listen_status: phase=route_landing;px=0.0125;py=0.0075;pz=1.2000;nm=4;pause=1;bench=1;armed=0;cmd=14
[WATCH] listen_status: phase=route_landing;px=0.0125;py=0.0075;pz=1.2000;nm=4;pause=1;bench=1;armed=0;cmd=14
[WATCH] listen_status: phase=route_landing;px=0.0125;py=0.0075;pz=1.2000;nm=4;pause=1;bench=1;armed=0;cmd=14
[WATCH] listen_status: phase=route_landing;px=0.0125;py=0.0075;pz=1.2000;nm=4;pause=1;bench=1;armed=0;cmd=14
[WATCH] listen_status: phase=route_landing;px=0.0125;py=0.0075;pz=1.2000;nm=4;pause=1;bench=1;armed=0;cmd=14
[WATCH] listen_status: phase=route_landing;px=0.0125;py=0.0075;pz=1.2000;nm=4;pause=1;bench=1;armed=0;cmd=14
[WATCH] listen_status: phase=route_landing;px=0.0125;py=0.0075;pz=1.2000;nm=4;pause=1;bench=1;armed=0;cmd=14
[WATCH] listen_status: phase=route_landing;px=0.0125;py=0.0075;pz=1.2000;nm=4;pause=1;bench=1;armed=0;cmd=14
[WATCH] listen_status: phase=route_landing;px=0.0125;py=0.0075;pz=1.2000;nm=4;pause=1;bench=1;armed=0;cmd=14
[WATCH] listen_status: phase=route_landing;px=0.0125;py=0.0075;pz=1.2000;nm=4;pause=1;bench=1;armed=0;cmd=14
[WATCH] listen_status: phase=route_landing;px=0.0125;py=0.0075;pz=1.2000;nm=4;pause=1;bench=1;armed=0;cmd=14
[WATCH] listen_status: phase=route_landing;px=0.0125;py=0.0075;pz=1.2000;nm=4;pause=1;bench=1;armed=0;cmd=14
[WATCH] listen_status: phase=route_landing;px=0.0125;py=0.0075;pz=1.2000;nm=4;pause=1;bench=1;armed=0;cmd=14
[WATCH] listen_status: phase=route_landing;px=0.0125;py=0.0075;pz=1.2000;nm=4;pause=1;bench=1;armed=0;cmd=14
[WATCH] listen_status: phase=route_landing;px=0.0125;py=0.0075;pz=1.2000;nm=4;pause=1;bench=1;armed=0;cmd=14
[WATCH] listen_status: phase=route_landing;px=0.0125;py=0.0075;pz=1.2000;nm=4;pause=1;bench=1;armed=0;cmd=14
[WATCH] listen_status: phase=route_landing;px=0.0125;py=0.0075;pz=1.2000;nm=4;pause=1;bench=1;armed=0;cmd=14
[WATCH] listen_status: phase=route_landing;px=0.0125;py=0.0075;pz=1.2000;nm=4;pause=1;bench=1;armed=0;cmd=14
[WATCH] listen_status: phase=route_landing;px=0.0125;py=0.0075;pz=1.2000;nm=4;pause=1;bench=1;armed=0;cmd=14
[WATCH] listen_status: phase=route_landing;px=0.0125;py=0.0075;pz=1.2000;nm=4;pause=1;bench=1;armed=0;cmd=14
[WATCH] listen_status: phase=route_landing;px=0.0125;py=0.0075;pz=1.2000;nm=4;pause=1;bench=1;armed=0;cmd=14
[WATCH] listen_status: phase=route_landing;px=0.0125;py=0.0075;pz=1.2000;nm=4;pause=1;bench=1;armed=0;cmd=14
[WATCH] listen_status: phase=route_landing;px=0.0125;py=0.0075;pz=1.2000;nm=4;pause=1;bench=1;armed=0;cmd=14
[WATCH] listen_status: phase=route_landing;px=0.0125;py=0.0075;pz=1.2000;nm=4;pause=1;bench=1;armed=0;cmd=14
[WATCH] listen_status: phase=route_landing;px=0.0125;py=0.0075;pz=1.2000;nm=4;pause=1;bench=1;armed=0;cmd=14
[WATCH] listen_status: phase=route_landing;px=0.0125;py=0.0075;pz=1.2000;nm=4;pause=1;bench=1;armed=0;cmd=14
[WATCH] listen_status: phase=route_landing;px=0.0125;py=0.0075;pz=1.2000;nm=4;pause=1;bench=1;armed=0;cmd=14
[WATCH] listen_status: phase=route_landing;px=0.0125;py=0.0075;pz=1.2000;nm=4;pause=1;bench=1;armed=0;cmd=14
[WATCH] listen_status: phase=route_landing;px=0.0125;py=0.0075;pz=1.2000;nm=4;pause=1;bench=1;armed=0;cmd=14
[WATCH] listen_status: phase=route_landing;px=0.0125;py=0.0075;pz=1.2000;nm=4;pause=1;bench=1;armed=0;cmd=14
[WATCH] listen_status: phase=route_landing;px=0.0125;py=0.0075;pz=1.2000;nm=4;pause=1;bench=1;armed=0;cmd=14
[WATCH] listen_status: phase=route_landing;px=0.0125;py=0.0075;pz=1.2000;nm=4;pause=1;bench=1;armed=0;cmd=14
[WATCH] listen_status: phase=route_landing;px=0.0125;py=0.0075;pz=1.2000;nm=4;pause=1;bench=1;armed=0;cmd=14
[WATCH] listen_status: phase=route_landing;px=0.0125;py=0.0075;pz=1.2000;nm=4;pause=1;bench=1;armed=0;cmd=14
[WATCH] listen_status: phase=route_landing;px=0.0125;py=0.0075;pz=1.2000;nm=4;pause=1;bench=1;armed=0;cmd=14
[WATCH] listen_status: phase=route_landing;px=0.0125;py=0.0075;pz=1.2000;nm=4;pause=1;bench=1;armed=0;cmd=14
[WATCH] listen_status: phase=route_landing;px=0.0125;py=0.0075;pz=1.2000;nm=4;pause=1;bench=1;armed=0;cmd=14
[WATCH] listen_status: phase=route_landing;px=0.0125;py=0.0075;pz=1.2000;nm=4;pause=1;bench=1;armed=0;cmd=14
[WATCH] listen_status: phase=route_landing;px=0.0125;py=0.0075;pz=1.2000;nm=4;pause=1;bench=1;armed=0;cmd=14
[WATCH] listen_status: phase=route_landing;px=0.0125;py=0.0075;pz=1.2000;nm=4;pause=1;bench=1;armed=0;cmd=14
[WATCH] listen_status: phase=route_landing;px=0.0125;py=0.0075;pz=1.2000;nm=4;pause=1;bench=1;armed=0;cmd=14
[WATCH] listen_status: phase=route_landing;px=0.0125;py=0.0075;pz=1.2000;nm=4;pause=1;bench=1;armed=0;cmd=14
[WATCH] listen_status: phase=route_landing;px=0.0125;py=0.0075;pz=1.2000;nm=4;pause=1;bench=1;armed=0;cmd=14
[WATCH] listen_status: phase=route_landing;px=0.0125;py=0.0075;pz=1.2000;nm=4;pause=1;bench=1;armed=0;cmd=14
[WATCH] listen_status: phase=route_landing;px=0.0125;py=0.0075;pz=1.2000;nm=4;pause=1;bench=1;armed=0;cmd=14
[WATCH] listen_status: phase=route_landing;px=0.0125;py=0.0075;pz=1.2000;nm=4;pause=1;bench=1;armed=0;cmd=14
[WATCH] listen_status: phase=route_landing;px=0.0125;py=0.0075;pz=1.2000;nm=4;pause=1;bench=1;armed=0;cmd=14
[WATCH] listen_status: phase=route_landing;px=0.0125;py=0.0075;pz=1.2000;nm=4;pause=1;bench=1;armed=0;cmd=14
[WATCH] listen_status: phase=route_landing;px=0.0125;py=0.0075;pz=1.2000;nm=4;pause=1;bench=1;armed=0;cmd=14
[WATCH] listen_status: phase=route_landing;px=0.0125;py=0.0075;pz=1.2000;nm=4;pause=1;bench=1;armed=0;cmd=14
[WATCH] listen_status: phase=route_landing;px=0.0125;py=0.0075;pz=1.2000;nm=4;pause=1;bench=1;armed=0;cmd=14
[WATCH] listen_status: phase=route_landing;px=0.0125;py=0.0075;pz=1.2000;nm=4;pause=1;bench=1;armed=0;cmd=14
[WATCH] listen_status: phase=route_landing;px=0.0125;py=0.0075;pz=1.2000;nm=4;pause=1;bench=1;armed=0;cmd=14
[WATCH] listen_status: phase=route_landing;px=0.0125;py=0.0075;pz=1.2000;nm=4;pause=1;bench=1;armed=0;cmd=14
[WATCH] listen_status: phase=route_landing;px=0.0125;py=0.0075;pz=1.2000;nm=4;pause=1;bench=1;armed=0;cmd=14
[WATCH] listen_status: phase=route_landing;px=0.0125;py=0.0075;pz=1.2000;nm=4;pause=1;bench=1;armed=0;cmd=14
[WATCH] listen_status: phase=route_landing;px=0.0125;py=0.0075;pz=1.2000;nm=4;pause=1;bench=1;armed=0;cmd=14
[WATCH] listen_status: phase=route_landing;px=0.0125;py=0.0075;pz=1.2000;nm=4;pause=1;bench=1;armed=0;cmd=14
[WATCH] listen_status: phase=route_landing;px=0.0125;py=0.0075;pz=1.2000;nm=4;pause=1;bench=1;armed=0;cmd=14
[WATCH] listen_status: phase=route_landing;px=0.0125;py=0.0075;pz=1.2000;nm=4;pause=1;bench=1;armed=0;cmd=14
[WATCH] listen_status: phase=route_landing;px=0.0125;py=0.0075;pz=1.2000;nm=4;pause=1;bench=1;armed=0;cmd=14
[WATCH] listen_status: phase=route_landing;px=0.0125;py=0.0075;pz=1.2000;nm=4;pause=1;bench=1;armed=0;cmd=14
[WATCH] listen_status: phase=route_landing;px=0.0125;py=0.0075;pz=1.2000;nm=4;pause=1;bench=1;armed=0;cmd=14
[WATCH] listen_status: phase=route_landing;px=0.0125;py=0.0075;pz=1.2000;nm=4;pause=1;bench=1;armed=0;cmd=14
[WATCH] listen_status: phase=route_landing;px=0.0125;py=0.0075;pz=1.2000;nm=4;pause=1;bench=1;armed=0;cmd=14
[WATCH] listen_status: phase=route_landing;px=0.0125;py=0.0075;pz=1.2000;nm=4;pause=1;bench=1;armed=0;cmd=14
[WATCH] listen_status: phase=route_landing;px=0.0125;py=0.0075;pz=1.2000;nm=4;pause=1;bench=1;armed=0;cmd=14
[WATCH] listen_status: phase=route_landing;px=0.0125;py=0.0075;pz=1.2000;nm=4;pause=1;bench=1;armed=0;cmd=14
[WATCH] listen_status: phase=route_landing;px=0.0125;py=0.0075;pz=1.2000;nm=4;pause=1;bench=1;armed=0;cmd=14
[WATCH] listen_status: phase=route_landing;px=0.0125;py=0.0075;pz=1.2000;nm=4;pause=1;bench=1;armed=0;cmd=14
[WATCH] listen_status: phase=route_landing;px=0.0125;py=0.0075;pz=1.2000;nm=4;pause=1;bench=1;armed=0;cmd=14
[WATCH] listen_status: phase=route_landing;px=0.0125;py=0.0075;pz=1.2000;nm=4;pause=1;bench=1;armed=0;cmd=14
[WATCH] listen_status: phase=route_landing;px=0.0125;py=0.0075;pz=1.2000;nm=4;pause=1;bench=1;armed=0;cmd=14
[WATCH] listen_status: phase=route_landing;px=0.0125;py=0.0075;pz=1.2000;nm=4;pause=1;bench=1;armed=0;cmd=14
[WATCH] listen_status: phase=route_landing;px=0.0125;py=0.0075;pz=1.2000;nm=4;pause=1;bench=1;armed=0;cmd=14
[WATCH] listen_status: phase=route_landing;px=0.0125;py=0.0075;pz=1.2000;nm=4;pause=1;bench=1;armed=0;cmd=14
[WATCH] listen_status: phase=route_landing;px=0.0125;py=0.0075;pz=1.2000;nm=4;pause=1;bench=1;armed=0;cmd=14
[WATCH] listen_status: phase=route_landing;px=0.0125;py=0.0075;pz=1.2000;nm=4;pause=1;bench=1;armed=0;cmd=14
[WATCH] listen_status: phase=route_landing;px=0.0125;py=0.0075;pz=1.2000;nm=4;pause=1;bench=1;armed=0;cmd=14
[WATCH] listen_status: phase=route_landing;px=0.0125;py=0.0075;pz=1.2000;nm=4;pause=1;bench=1;armed=0;cmd=14
[WATCH] listen_status: phase=route_landing;px=0.0125;py=0.0075;pz=1.2000;nm=4;pause=1;bench=1;armed=0;cmd=14
[WATCH] listen_status: phase=route_landing;px=0.0125;py=0.0075;pz=1.2000;nm=4;pause=1;bench=1;armed=0;cmd=14
[WATCH] listen_status: phase=route_landing;px=0.0125;py=0.0075;pz=1.2000;nm=4;pause=1;bench=1;armed=0;cmd=14
[WATCH] listen_status: phase=route_landing;px=0.0125;py=0.0075;pz=1.2000;nm=4;pause=1;bench=1;armed=0;cmd=14
[WATCH] listen_status: phase=route_landing;px=0.0125;py=0.0075;pz=1.2000;nm=4;pause=1;bench=1;armed=0;cmd=14
[WATCH] listen_status: phase=route_landing;px=0.0125;py=0.0075;pz=1.2000;nm=4;pause=1;bench=1;armed=0;cmd=14
[WATCH] listen_status: phase=route_landing;px=0.0125;py=0.0075;pz=1.2000;nm=4;pause=1;bench=1;armed=0;cmd=14
[WATCH] listen_status: phase=route_landing;px=0.0125;py=0.0075;pz=1.2000;nm=4;pause=1;bench=1;armed=0;cmd=14
[WATCH] listen_status: phase=route_landing;px=0.0125;py=0.0075;pz=1.2000;nm=4;pause=1;bench=1;armed=0;cmd=14
[WATCH] listen_status: phase=route_landing;px=0.0125;py=0.0075;pz=1.2000;nm=4;pause=1;bench=1;armed=0;cmd=14
[WATCH] listen_status: phase=route_landing;px=0.0125;py=0.0075;pz=1.2000;nm=4;pause=1;bench=1;armed=0;cmd=14
[WATCH] listen_status: phase=route_landing;px=0.0125;py=0.0075;pz=1.2000;nm=4;pause=1;bench=1;armed=0;cmd=14
[WATCH] listen_status: phase=route_landing;px=0.0125;py=0.0075;pz=1.2000;nm=4;pause=1;bench=1;armed=0;cmd=14
[WATCH] listen_status: phase=route_landing;px=0.0125;py=0.0075;pz=1.2000;nm=4;pause=1;bench=1;armed=0;cmd=14
[WATCH] listen_status: phase=route_landing;px=0.0125;py=0.0075;pz=1.2000;nm=4;pause=1;bench=1;armed=0;cmd=14
[WATCH] listen_status: phase=route_landing;px=0.0125;py=0.0075;pz=1.2000;nm=4;pause=1;bench=1;armed=0;cmd=14
[WATCH] listen_status: phase=route_landing;px=0.0125;py=0.0075;pz=1.2000;nm=4;pause=1;bench=1;armed=0;cmd=14
[WATCH] listen_status: phase=route_landing;px=0.0125;py=0.0075;pz=1.2000;nm=4;pause=1;bench=1;armed=0;cmd=14
[WATCH] listen_status: phase=route_landing;px=0.0125;py=0.0075;pz=1.2000;nm=4;pause=1;bench=1;armed=0;cmd=14
[WATCH] listen_status: phase=route_landing;px=0.0125;py=0.0075;pz=1.2000;nm=4;pause=1;bench=1;armed=0;cmd=14
[WATCH] listen_status: phase=route_landing;px=0.0125;py=0.0075;pz=1.2000;nm=4;pause=1;bench=1;armed=0;cmd=14
[WATCH] listen_status: phase=route_landing;px=0.0125;py=0.0075;pz=1.2000;nm=4;pause=1;bench=1;armed=0;cmd=14
[WATCH] listen_status: phase=route_landing;px=0.0125;py=0.0075;pz=1.2000;nm=4;pause=1;bench=1;armed=0;cmd=14
[WATCH] listen_status: phase=route_landing;px=0.0125;py=0.0075;pz=1.2000;nm=4;pause=1;bench=1;armed=0;cmd=14
[WATCH] listen_status: phase=route_landing;px=0.0125;py=0.0075;pz=1.2000;nm=4;pause=1;bench=1;armed=0;cmd=14
[WATCH] listen_status: phase=route_landing;px=0.0125;py=0.0075;pz=1.2000;nm=4;pause=1;bench=1;armed=0;cmd=14
[WATCH] listen_status: phase=route_landing;px=0.0125;py=0.0075;pz=1.2000;nm=4;pause=1;bench=1;armed=0;cmd=14
[WATCH] listen_status: phase=route_landing;px=0.0125;py=0.0075;pz=1.2000;nm=4;pause=1;bench=1;armed=0;cmd=14
[WATCH] listen_status: phase=route_landing;px=0.0125;py=0.0075;pz=1.2000;nm=4;pause=1;bench=1;armed=0;cmd=14
[WATCH] listen_status: phase=route_landing;px=0.0125;py=0.0075;pz=1.2000;nm=4;pause=1;bench=1;armed=0;cmd=14
[WATCH] listen_status: phase=route_landing;px=0.0125;py=0.0075;pz=1.2000;nm=4;pause=1;bench=1;armed=0;cmd=14
[WATCH] listen_status: phase=route_landing;px=0.0125;py=0.0075;pz=1.2000;nm=4;pause=1;bench=1;armed=0;cmd=14
[WATCH] listen_status: phase=route_landing;px=0.0125;py=0.0075;pz=1.2000;nm=4;pause=1;bench=1;armed=0;cmd=14
[WATCH] listen_status: phase=route_landing;px=0.0125;py=0.0075;pz=1.2000;nm=4;pause=1;bench=1;armed=0;cmd=14
[WATCH] listen_status: phase=route_landing;px=0.0125;py=0.0075;pz=1.2000;nm=4;pause=1;bench=1;armed=0;cmd=14
[WATCH] listen_status: phase=route_landing;px=0.0125;py=0.0075;pz=1.2000;nm=4;pause=1;bench=1;armed=0;cmd=14
[WATCH] listen_status: phase=route_landing;px=0.0125;py=0.0075;pz=1.2000;nm=4;pause=1;bench=1;armed=0;cmd=14
[WATCH] listen_status: phase=route_landing;px=0.0125;py=0.0075;pz=1.2000;nm=4;pause=1;bench=1;armed=0;cmd=14
[WATCH] listen_status: phase=route_landing;px=0.0125;py=0.0075;pz=1.2000;nm=4;pause=1;bench=1;armed=0;cmd=14
[WATCH] listen_status: phase=route_landing;px=0.0125;py=0.0075;pz=1.2000;nm=4;pause=1;bench=1;armed=0;cmd=14
[WATCH] listen_status: phase=route_landing;px=0.0125;py=0.0075;pz=1.2000;nm=4;pause=1;bench=1;armed=0;cmd=14
[WATCH] listen_status: phase=route_landing;px=0.0125;py=0.0075;pz=1.2000;nm=4;pause=1;bench=1;armed=0;cmd=14
[WATCH] listen_status: phase=route_landing;px=0.0125;py=0.0075;pz=1.2000;nm=4;pause=1;bench=1;armed=0;cmd=14
[WATCH] listen_status: phase=route_landing;px=0.0125;py=0.0075;pz=1.2000;nm=4;pause=1;bench=1;armed=0;cmd=14
[WATCH] listen_status: phase=route_landing;px=0.0125;py=0.0075;pz=1.2000;nm=4;pause=1;bench=1;armed=0;cmd=14
[WATCH] listen_status: phase=route_landing;px=0.0125;py=0.0075;pz=1.2000;nm=4;pause=1;bench=1;armed=0;cmd=14
[WATCH] listen_status: phase=route_landing;px=0.0125;py=0.0075;pz=1.2000;nm=4;pause=1;bench=1;armed=0;cmd=14
[WATCH] listen_status: phase=route_landing;px=0.0125;py=0.0075;pz=1.2000;nm=4;pause=1;bench=1;armed=0;cmd=14
[WATCH] listen_status: phase=route_landing;px=0.0125;py=0.0075;pz=1.2000;nm=4;pause=1;bench=1;armed=0;cmd=14
[WATCH] listen_status: phase=route_landing;px=0.0125;py=0.0075;pz=1.2000;nm=4;pause=1;bench=1;armed=0;cmd=14
[WATCH] listen_status: phase=route_landing;px=0.0125;py=0.0075;pz=1.2000;nm=4;pause=1;bench=1;armed=0;cmd=14
[WATCH] listen_status: phase=route_landing;px=0.0125;py=0.0075;pz=1.2000;nm=4;pause=1;bench=1;armed=0;cmd=14
[WATCH] listen_status: phase=route_landing;px=0.0125;py=0.0075;pz=1.2000;nm=4;pause=1;bench=1;armed=0;cmd=14
[WATCH] listen_status: phase=route_landing;px=0.0125;py=0.0075;pz=1.2000;nm=4;pause=1;bench=1;armed=0;cmd=14
[WATCH] listen_status: phase=route_landing;px=0.0125;py=0.0075;pz=1.2000;nm=4;pause=1;bench=1;armed=0;cmd=14
[WATCH] listen_status: phase=route_landing;px=0.0125;py=0.0075;pz=1.2000;nm=4;pause=1;bench=1;armed=0;cmd=14
[WATCH] listen_status: phase=route_landing;px=0.0125;py=0.0075;pz=1.2000;nm=4;pause=1;bench=1;armed=0;cmd=14
[WATCH] listen_status: phase=route_landing;px=0.0125;py=0.0075;pz=1.2000;nm=4;pause=1;bench=1;armed=0;cmd=14
[WATCH] listen_status: phase=route_landing;px=0.0125;py=0.0075;pz=1.2000;nm=4;pause=1;bench=1;armed=0;cmd=14
[WATCH] listen_status: phase=route_landing;px=0.0125;py=0.0075;pz=1.2000;nm=4;pause=1;bench=1;armed=0;cmd=14
[WATCH] listen_status: phase=route_landing;px=0.0125;py=0.0075;pz=1.2000;nm=4;pause=1;bench=1;armed=0;cmd=14
[WATCH] listen_status: phase=route_landing;px=0.0125;py=0.0075;pz=1.2000;nm=4;pause=1;bench=1;armed=0;cmd=14
[WATCH] listen_status: phase=route_landing;px=0.0125;py=0.0075;pz=1.2000;nm=4;pause=1;bench=1;armed=0;cmd=14
[WATCH] listen_status: phase=route_landing;px=0.0125;py=0.0075;pz=1.2000;nm=4;pause=1;bench=1;armed=0;cmd=14
[WATCH] listen_status: phase=route_landing;px=0.0125;py=0.0075;pz=1.2000;nm=4;pause=1;bench=1;armed=0;cmd=14
[WATCH] listen_status: phase=route_landing;px=0.0125;py=0.0075;pz=1.2000;nm=4;pause=1;bench=1;armed=0;cmd=14
[WATCH] listen_status: phase=route_landing;px=0.0125;py=0.0075;pz=1.2000;nm=4;pause=1;bench=1;armed=0;cmd=14
[WATCH] listen_status: phase=route_landing;px=0.0125;py=0.0075;pz=1.2000;nm=4;pause=1;bench=1;armed=0;cmd=14
[WATCH] listen_status: phase=route_landing;px=0.0125;py=0.0075;pz=1.2000;nm=4;pause=1;bench=1;armed=0;cmd=14
[WATCH] listen_status: phase=route_landing;px=0.0125;py=0.0075;pz=1.2000;nm=4;pause=1;bench=1;armed=0;cmd=14
[WATCH] listen_status: phase=route_landing;px=0.0125;py=0.0075;pz=1.2000;nm=4;pause=1;bench=1;armed=0;cmd=14
[WATCH] listen_status: phase=route_landing;px=0.0125;py=0.0075;pz=1.2000;nm=4;pause=1;bench=1;armed=0;cmd=14
[WATCH] listen_status: phase=route_landing;px=0.0125;py=0.0075;pz=1.2000;nm=4;pause=1;bench=1;armed=0;cmd=14
[WATCH] listen_status: phase=route_landing;px=0.0125;py=0.0075;pz=1.2000;nm=4;pause=1;bench=1;armed=0;cmd=14
[WATCH] listen_status: phase=route_landing;px=0.0125;py=0.0075;pz=1.2000;nm=4;pause=1;bench=1;armed=0;cmd=14
[WATCH] listen_status: phase=route_landing;px=0.0125;py=0.0075;pz=1.2000;nm=4;pause=1;bench=1;armed=0;cmd=14
[WATCH] listen_status: phase=route_landing;px=0.0125;py=0.0075;pz=1.2000;nm=4;pause=1;bench=1;armed=0;cmd=14
[WATCH] listen_status: phase=route_landing;px=0.0125;py=0.0075;pz=1.2000;nm=4;pause=1;bench=1;armed=0;cmd=14
[WATCH] listen_status: phase=route_landing;px=0.0125;py=0.0075;pz=1.2000;nm=4;pause=1;bench=1;armed=0;cmd=14
[WATCH] listen_status: phase=route_landing;px=0.0125;py=0.0075;pz=1.2000;nm=4;pause=1;bench=1;armed=0;cmd=14
[WATCH] listen_status: phase=route_landing;px=0.0125;py=0.0075;pz=1.2000;nm=4;pause=1;bench=1;armed=0;cmd=14
[WATCH] listen_status: phase=route_landing;px=0.0125;py=0.0075;pz=1.2000;nm=4;pause=1;bench=1;armed=0;cmd=14
[WATCH] listen_status: phase=route_landing;px=0.0125;py=0.0075;pz=1.2000;nm=4;pause=1;bench=1;armed=0;cmd=14
[WATCH] listen_status: phase=route_landing;px=0.0125;py=0.0075;pz=1.2000;nm=4;pause=1;bench=1;armed=0;cmd=14
[WATCH] listen_status: phase=route_landing;px=0.0125;py=0.0075;pz=1.2000;nm=4;pause=1;bench=1;armed=0;cmd=14
[WATCH] listen_status: phase=route_landing;px=0.0125;py=0.0075;pz=1.2000;nm=4;pause=1;bench=1;armed=0;cmd=14
[WATCH] listen_status: phase=route_landing;px=0.0125;py=0.0075;pz=1.2000;nm=4;pause=1;bench=1;armed=0;cmd=14
[WATCH] listen_status: phase=route_landing;px=0.0125;py=0.0075;pz=1.2000;nm=4;pause=1;bench=1;armed=0;cmd=14
[WATCH] listen_status: phase=route_landing;px=0.0125;py=0.0075;pz=1.2000;nm=4;pause=1;bench=1;armed=0;cmd=14
[WATCH] listen_status: phase=route_landing;px=0.0125;py=0.0075;pz=1.2000;nm=4;pause=1;bench=1;armed=0;cmd=14
[WATCH] listen_status: phase=route_landing;px=0.0125;py=0.0075;pz=1.2000;nm=4;pause=1;bench=1;armed=0;cmd=14
[WATCH] listen_status: phase=route_landing;px=0.0125;py=0.0075;pz=1.2000;nm=4;pause=1;bench=1;armed=0;cmd=14
[WATCH] listen_status: phase=route_landing;px=0.0125;py=0.0075;pz=1.2000;nm=4;pause=1;bench=1;armed=0;cmd=14
[WATCH] listen_status: phase=route_landing;px=0.0125;py=0.0075;pz=1.2000;nm=4;pause=1;bench=1;armed=0;cmd=14
[WATCH] listen_status: phase=route_landing;px=0.0125;py=0.0075;pz=1.2000;nm=4;pause=1;bench=1;armed=0;cmd=14
[WATCH] listen_status: phase=route_landing;px=0.0125;py=0.0075;pz=1.2000;nm=4;pause=1;bench=1;armed=0;cmd=14
[WATCH] listen_status: phase=route_landing;px=0.0125;py=0.0075;pz=1.2000;nm=4;pause=1;bench=1;armed=0;cmd=14
[WATCH] listen_status: phase=route_landing;px=0.0125;py=0.0075;pz=1.2000;nm=4;pause=1;bench=1;armed=0;cmd=14
[WATCH] listen_status: phase=route_landing;px=0.0125;py=0.0075;pz=1.2000;nm=4;pause=1;bench=1;armed=0;cmd=14
[WATCH] listen_status: phase=route_landing;px=0.0125;py=0.0075;pz=1.2000;nm=4;pause=1;bench=1;armed=0;cmd=14
[WATCH] listen_status: phase=route_landing;px=0.0125;py=0.0075;pz=1.2000;nm=4;pause=1;bench=1;armed=0;cmd=14
[WATCH] listen_status: phase=route_landing;px=0.0125;py=0.0075;pz=1.2000;nm=4;pause=1;bench=1;armed=0;cmd=14
[WATCH] listen_status: phase=route_landing;px=0.0125;py=0.0075;pz=1.2000;nm=4;pause=1;bench=1;armed=0;cmd=14
[WATCH] listen_status: phase=route_landing;px=0.0125;py=0.0075;pz=1.2000;nm=4;pause=1;bench=1;armed=0;cmd=14
[WATCH] listen_status: phase=route_landing;px=0.0125;py=0.0075;pz=1.2000;nm=4;pause=1;bench=1;armed=0;cmd=14
[WATCH] listen_status: phase=route_landing;px=0.0125;py=0.0075;pz=1.2000;nm=4;pause=1;bench=1;armed=0;cmd=14
[WATCH] listen_status: phase=route_landing;px=0.0125;py=0.0075;pz=1.2000;nm=4;pause=1;bench=1;armed=0;cmd=14
[WATCH] listen_status: phase=route_landing;px=0.0125;py=0.0075;pz=1.2000;nm=4;pause=1;bench=1;armed=0;cmd=14
[WATCH] listen_status: phase=route_landing;px=0.0125;py=0.0075;pz=1.2000;nm=4;pause=1;bench=1;armed=0;cmd=14
[WATCH] listen_status: phase=route_landing;px=0.0125;py=0.0075;pz=1.2000;nm=4;pause=1;bench=1;armed=0;cmd=14
[WATCH] listen_status: phase=route_landing;px=0.0125;py=0.0075;pz=1.2000;nm=4;pause=1;bench=1;armed=0;cmd=14
[WATCH] listen_status: phase=route_landing;px=0.0125;py=0.0075;pz=1.2000;nm=4;pause=1;bench=1;armed=0;cmd=14
[WATCH] listen_status: phase=route_landing;px=0.0125;py=0.0075;pz=1.2000;nm=4;pause=1;bench=1;armed=0;cmd=14
[WATCH] listen_status: phase=route_landing;px=0.0125;py=0.0075;pz=1.2000;nm=4;pause=1;bench=1;armed=0;cmd=14
[WATCH] listen_status: phase=route_landing;px=0.0125;py=0.0075;pz=1.2000;nm=4;pause=1;bench=1;armed=0;cmd=14
[WATCH] listen_status: phase=route_landing;px=0.0125;py=0.0075;pz=1.2000;nm=4;pause=1;bench=1;armed=0;cmd=14
[WATCH] listen_status: phase=route_landing;px=0.0125;py=0.0075;pz=1.2000;nm=4;pause=1;bench=1;armed=0;cmd=14
[WATCH] listen_status: phase=route_landing;px=0.0125;py=0.0075;pz=1.2000;nm=4;pause=1;bench=1;armed=0;cmd=14
[WATCH] listen_status: phase=route_landing;px=0.0125;py=0.0075;pz=1.2000;nm=4;pause=1;bench=1;armed=0;cmd=14
[WATCH] listen_status: phase=route_landing;px=0.0125;py=0.0075;pz=1.2000;nm=4;pause=1;bench=1;armed=0;cmd=14
[WATCH] listen_status: phase=route_landing;px=0.0125;py=0.0075;pz=1.2000;nm=4;pause=1;bench=1;armed=0;cmd=14
[WATCH] listen_status: phase=route_landing;px=0.0125;py=0.0075;pz=1.2000;nm=4;pause=1;bench=1;armed=0;cmd=14
[WATCH] listen_status: phase=route_landing;px=0.0125;py=0.0075;pz=1.2000;nm=4;pause=1;bench=1;armed=0;cmd=14
[WATCH] listen_status: phase=route_landing;px=0.0125;py=0.0075;pz=1.2000;nm=4;pause=1;bench=1;armed=0;cmd=14
[WATCH] listen_status: phase=route_landing;px=0.0125;py=0.0075;pz=1.2000;nm=4;pause=1;bench=1;armed=0;cmd=14
[WATCH] listen_status: phase=route_landing;px=0.0125;py=0.0075;pz=1.2000;nm=4;pause=1;bench=1;armed=0;cmd=14
[WATCH] listen_status: phase=route_landing;px=0.0125;py=0.0075;pz=1.2000;nm=4;pause=1;bench=1;armed=0;cmd=14
[WATCH] listen_status: phase=route_landing;px=0.0125;py=0.0075;pz=1.2000;nm=4;pause=1;bench=1;armed=0;cmd=14
[WATCH] listen_status: phase=route_landing;px=0.0125;py=0.0075;pz=1.2000;nm=4;pause=1;bench=1;armed=0;cmd=14
[WATCH] listen_status: phase=route_landing;px=0.0125;py=0.0075;pz=1.2000;nm=4;pause=1;bench=1;armed=0;cmd=14
[WATCH] listen_status: phase=route_landing;px=0.0125;py=0.0075;pz=1.2000;nm=4;pause=1;bench=1;armed=0;cmd=14
[WATCH] listen_status: phase=route_landing;px=0.0125;py=0.0075;pz=1.2000;nm=4;pause=1;bench=1;armed=0;cmd=14
[WATCH] listen_status: phase=route_landing;px=0.0125;py=0.0075;pz=1.2000;nm=4;pause=1;bench=1;armed=0;cmd=14
[WATCH] listen_status: phase=route_landing;px=0.0125;py=0.0075;pz=1.2000;nm=4;pause=1;bench=1;armed=0;cmd=14
[WATCH] listen_status: phase=route_landing;px=0.0125;py=0.0075;pz=1.2000;nm=4;pause=1;bench=1;armed=0;cmd=14
[WATCH] listen_status: phase=route_landing;px=0.0125;py=0.0075;pz=1.2000;nm=4;pause=1;bench=1;armed=0;cmd=14
[WATCH] listen_status: phase=route_landing;px=0.0125;py=0.0075;pz=1.2000;nm=4;pause=1;bench=1;armed=0;cmd=14
[WATCH] listen_status: phase=route_landing;px=0.0125;py=0.0075;pz=1.2000;nm=4;pause=1;bench=1;armed=0;cmd=14
[WATCH] listen_status: phase=route_landing;px=0.0125;py=0.0075;pz=1.2000;nm=4;pause=1;bench=1;armed=0;cmd=14
[WATCH] listen_status: phase=route_landing;px=0.0125;py=0.0075;pz=1.2000;nm=4;pause=1;bench=1;armed=0;cmd=14
[WATCH] listen_status: phase=route_landing;px=0.0125;py=0.0075;pz=1.2000;nm=4;pause=1;bench=1;armed=0;cmd=14
[WATCH] listen_status: phase=route_landing;px=0.0125;py=0.0075;pz=1.2000;nm=4;pause=1;bench=1;armed=0;cmd=14
[WATCH] listen_status: phase=route_landing;px=0.0125;py=0.0075;pz=1.2000;nm=4;pause=1;bench=1;armed=0;cmd=14
[WATCH] listen_status: phase=route_landing;px=0.0125;py=0.0075;pz=1.2000;nm=4;pause=1;bench=1;armed=0;cmd=14
[WATCH] listen_status: phase=route_landing;px=0.0125;py=0.0075;pz=1.2000;nm=4;pause=1;bench=1;armed=0;cmd=14
[WATCH] listen_status: phase=route_landing;px=0.0125;py=0.0075;pz=1.2000;nm=4;pause=1;bench=1;armed=0;cmd=14
[WATCH] listen_status: phase=route_landing;px=0.0125;py=0.0075;pz=1.2000;nm=4;pause=1;bench=1;armed=0;cmd=14
[WATCH] listen_status: phase=route_landing;px=0.0125;py=0.0075;pz=1.2000;nm=4;pause=1;bench=1;armed=0;cmd=14
[WATCH] listen_status: phase=route_landing;px=0.0125;py=0.0075;pz=1.2000;nm=4;pause=1;bench=1;armed=0;cmd=14
[WATCH] listen_status: phase=route_landing;px=0.0125;py=0.0075;pz=1.2000;nm=4;pause=1;bench=1;armed=0;cmd=14
[WATCH] listen_status: phase=route_landing;px=0.0125;py=0.0075;pz=1.2000;nm=4;pause=1;bench=1;armed=0;cmd=14
[WATCH] listen_status: phase=route_landing;px=0.0125;py=0.0075;pz=1.2000;nm=4;pause=1;bench=1;armed=0;cmd=14
[WATCH] listen_status: phase=route_landing;px=0.0125;py=0.0075;pz=1.2000;nm=4;pause=1;bench=1;armed=0;cmd=14
[WATCH] listen_status: phase=route_landing;px=0.0125;py=0.0075;pz=1.2000;nm=4;pause=1;bench=1;armed=0;cmd=14
[WATCH] listen_status: phase=route_landing;px=0.0125;py=0.0075;pz=1.2000;nm=4;pause=1;bench=1;armed=0;cmd=14
[WATCH] listen_status: phase=route_landing;px=0.0125;py=0.0075;pz=1.2000;nm=4;pause=1;bench=1;armed=0;cmd=14
[WATCH] listen_status: phase=route_landing;px=0.0125;py=0.0075;pz=1.2000;nm=4;pause=1;bench=1;armed=0;cmd=14
[WATCH] listen_status: phase=route_landing;px=0.0125;py=0.0075;pz=1.2000;nm=4;pause=1;bench=1;armed=0;cmd=14
[WATCH] listen_status: phase=route_landing;px=0.0125;py=0.0075;pz=1.2000;nm=4;pause=1;bench=1;armed=0;cmd=14
[WATCH] listen_status: phase=route_landing;px=0.0125;py=0.0075;pz=1.2000;nm=4;pause=1;bench=1;armed=0;cmd=14
[WATCH] listen_status: phase=route_landing;px=0.0125;py=0.0075;pz=1.2000;nm=4;pause=1;bench=1;armed=0;cmd=14
[WATCH] listen_status: phase=route_landing;px=0.0125;py=0.0075;pz=1.2000;nm=4;pause=1;bench=1;armed=0;cmd=14
[WATCH] listen_status: phase=route_landing;px=0.0125;py=0.0075;pz=1.2000;nm=4;pause=1;bench=1;armed=0;cmd=14
[WATCH] listen_status: phase=route_landing;px=0.0125;py=0.0075;pz=1.2000;nm=4;pause=1;bench=1;armed=0;cmd=14
[WATCH] listen_status: phase=route_landing;px=0.0125;py=0.0075;pz=1.2000;nm=4;pause=1;bench=1;armed=0;cmd=14
[WATCH] listen_status: phase=route_landing;px=0.0125;py=0.0075;pz=1.2000;nm=4;pause=1;bench=1;armed=0;cmd=14
[WATCH] listen_status: phase=route_landing;px=0.0125;py=0.0075;pz=1.2000;nm=4;pause=1;bench=1;armed=0;cmd=14
[WATCH] listen_status: phase=route_landing;px=0.0125;py=0.0075;pz=1.2000;nm=4;pause=1;bench=1;armed=0;cmd=14
[WATCH] listen_status: phase=route_landing;px=0.0125;py=0.0075;pz=1.2000;nm=4;pause=1;bench=1;armed=0;cmd=14
[WATCH] listen_status: phase=route_landing;px=0.0125;py=0.0075;pz=1.2000;nm=4;pause=1;bench=1;armed=0;cmd=14
[WATCH] listen_status: phase=route_landing;px=0.0125;py=0.0075;pz=1.2000;nm=4;pause=1;bench=1;armed=0;cmd=14
[WATCH] listen_status: phase=route_landing;px=0.0125;py=0.0075;pz=1.2000;nm=4;pause=1;bench=1;armed=0;cmd=14
[WATCH] listen_status: phase=route_landing;px=0.0125;py=0.0075;pz=1.2000;nm=4;pause=1;bench=1;armed=0;cmd=14
[WATCH] listen_status: phase=route_landing;px=0.0125;py=0.0075;pz=1.2000;nm=4;pause=1;bench=1;armed=0;cmd=14
[WATCH] listen_status: phase=route_landing;px=0.0125;py=0.0075;pz=1.2000;nm=4;pause=1;bench=1;armed=0;cmd=14
[WATCH] listen_status: phase=route_landing;px=0.0125;py=0.0075;pz=1.2000;nm=4;pause=1;bench=1;armed=0;cmd=14
[WATCH] listen_status: phase=route_landing;px=0.0125;py=0.0075;pz=1.2000;nm=4;pause=1;bench=1;armed=0;cmd=14
[WATCH] listen_status: phase=route_landing;px=0.0125;py=0.0075;pz=1.2000;nm=4;pause=1;bench=1;armed=0;cmd=14
[WATCH] listen_status: phase=route_landing;px=0.0125;py=0.0075;pz=1.2000;nm=4;pause=1;bench=1;armed=0;cmd=14
[WATCH] listen_status: phase=route_landing;px=0.0125;py=0.0075;pz=1.2000;nm=4;pause=1;bench=1;armed=0;cmd=14
[WATCH] listen_status: phase=route_landing;px=0.0125;py=0.0075;pz=1.2000;nm=4;pause=1;bench=1;armed=0;cmd=14
[WATCH] listen_status: phase=route_landing;px=0.0125;py=0.0075;pz=1.2000;nm=4;pause=1;bench=1;armed=0;cmd=14
[WATCH] listen_status: phase=route_landing;px=0.0125;py=0.0075;pz=1.2000;nm=4;pause=1;bench=1;armed=0;cmd=14
[WATCH] listen_status: phase=route_landing;px=0.0125;py=0.0075;pz=1.2000;nm=4;pause=1;bench=1;armed=0;cmd=14
[WATCH] listen_status: phase=route_landing;px=0.0125;py=0.0075;pz=1.2000;nm=4;pause=1;bench=1;armed=0;cmd=14
[WATCH] listen_status: phase=route_landing;px=0.0125;py=0.0075;pz=1.2000;nm=4;pause=1;bench=1;armed=0;cmd=14
[WATCH] listen_status: phase=route_landing;px=0.0125;py=0.0075;pz=1.2000;nm=4;pause=1;bench=1;armed=0;cmd=14
[WATCH] listen_status: phase=route_landing;px=0.0125;py=0.0075;pz=1.2000;nm=4;pause=1;bench=1;armed=0;cmd=14
[WATCH] listen_status: phase=route_landing;px=0.0125;py=0.0075;pz=1.2000;nm=4;pause=1;bench=1;armed=0;cmd=14
[WATCH] listen_status: phase=route_landing;px=0.0125;py=0.0075;pz=1.2000;nm=4;pause=1;bench=1;armed=0;cmd=14
[WATCH] listen_status: phase=route_landing;px=0.0125;py=0.0075;pz=1.2000;nm=4;pause=1;bench=1;armed=0;cmd=14
[WATCH] listen_status: phase=route_landing;px=0.0125;py=0.0075;pz=1.2000;nm=4;pause=1;bench=1;armed=0;cmd=14
[WATCH] listen_status: phase=route_landing;px=0.0125;py=0.0075;pz=1.2000;nm=4;pause=1;bench=1;armed=0;cmd=14
[WATCH] listen_status: phase=route_landing;px=0.0125;py=0.0075;pz=1.2000;nm=4;pause=1;bench=1;armed=0;cmd=14
[WATCH] listen_status: phase=route_landing;px=0.0125;py=0.0075;pz=1.2000;nm=4;pause=1;bench=1;armed=0;cmd=14
[WATCH] listen_status: phase=route_landing;px=0.0125;py=0.0075;pz=1.2000;nm=4;pause=1;bench=1;armed=0;cmd=14
[WATCH] listen_status: phase=route_landing;px=0.0125;py=0.0075;pz=1.2000;nm=4;pause=1;bench=1;armed=0;cmd=14
[WATCH] listen_status: phase=route_landing;px=0.0125;py=0.0075;pz=1.2000;nm=4;pause=1;bench=1;armed=0;cmd=14
[WATCH] listen_status: phase=route_landing;px=0.0125;py=0.0075;pz=1.2000;nm=4;pause=1;bench=1;armed=0;cmd=14
[WATCH] listen_status: phase=route_landing;px=0.0125;py=0.0075;pz=1.2000;nm=4;pause=1;bench=1;armed=0;cmd=14
[WATCH] listen_status: phase=route_landing;px=0.0125;py=0.0075;pz=1.2000;nm=4;pause=1;bench=1;armed=0;cmd=14
[WATCH] listen_status: phase=route_landing;px=0.0125;py=0.0075;pz=1.2000;nm=4;pause=1;bench=1;armed=0;cmd=14
[WATCH] listen_status: phase=route_landing;px=0.0125;py=0.0075;pz=1.2000;nm=4;pause=1;bench=1;armed=0;cmd=14
[WATCH] listen_status: phase=route_landing;px=0.0125;py=0.0075;pz=1.2000;nm=4;pause=1;bench=1;armed=0;cmd=14
[WATCH] listen_status: phase=route_landing;px=0.0125;py=0.0075;pz=1.2000;nm=4;pause=1;bench=1;armed=0;cmd=14
[WATCH] listen_status: phase=route_landing;px=0.0125;py=0.0075;pz=1.2000;nm=4;pause=1;bench=1;armed=0;cmd=14
[WATCH] listen_status: phase=route_landing;px=0.0125;py=0.0075;pz=1.2000;nm=4;pause=1;bench=1;armed=0;cmd=14
[WATCH] listen_status: phase=route_landing;px=0.0125;py=0.0075;pz=1.2000;nm=4;pause=1;bench=1;armed=0;cmd=14
[WATCH] listen_status: phase=route_landing;px=0.0125;py=0.0075;pz=1.2000;nm=4;pause=1;bench=1;armed=0;cmd=14
[WATCH] listen_status: phase=route_landing;px=0.0125;py=0.0075;pz=1.2000;nm=4;pause=1;bench=1;armed=0;cmd=14
[WATCH] listen_status: phase=route_landing;px=0.0125;py=0.0075;pz=1.2000;nm=4;pause=1;bench=1;armed=0;cmd=14
[WATCH] listen_status: phase=route_landing;px=0.0125;py=0.0075;pz=1.2000;nm=4;pause=1;bench=1;armed=0;cmd=14
[WATCH] listen_status: phase=route_landing;px=0.0125;py=0.0075;pz=1.2000;nm=4;pause=1;bench=1;armed=0;cmd=14
[WATCH] listen_status: phase=route_landing;px=0.0125;py=0.0075;pz=1.2000;nm=4;pause=1;bench=1;armed=0;cmd=14
[WATCH] listen_status: phase=route_landing;px=0.0125;py=0.0075;pz=1.2000;nm=4;pause=1;bench=1;armed=0;cmd=14
[WATCH] listen_status: phase=route_landing;px=0.0125;py=0.0075;pz=1.2000;nm=4;pause=1;bench=1;armed=0;cmd=14
[WATCH] listen_status: phase=route_landing;px=0.0125;py=0.0075;pz=1.2000;nm=4;pause=1;bench=1;armed=0;cmd=14
[WATCH] listen_status: phase=route_landing;px=0.0125;py=0.0075;pz=1.2000;nm=4;pause=1;bench=1;armed=0;cmd=14
[WATCH] listen_status: phase=route_landing;px=0.0125;py=0.0075;pz=1.2000;nm=4;pause=1;bench=1;armed=0;cmd=14
[WATCH] listen_status: phase=route_landing;px=0.0125;py=0.0075;pz=1.2000;nm=4;pause=1;bench=1;armed=0;cmd=14
[WATCH] listen_status: phase=route_landing;px=0.0125;py=0.0075;pz=1.2000;nm=4;pause=1;bench=1;armed=0;cmd=14
[WATCH] listen_status: phase=route_landing;px=0.0125;py=0.0075;pz=1.2000;nm=4;pause=1;bench=1;armed=0;cmd=14
[WATCH] listen_status: phase=route_landing;px=0.0125;py=0.0075;pz=1.2000;nm=4;pause=1;bench=1;armed=0;cmd=14
[WATCH] listen_status: phase=route_landing;px=0.0125;py=0.0075;pz=1.2000;nm=4;pause=1;bench=1;armed=0;cmd=14
[WATCH] listen_status: phase=route_landing;px=0.0125;py=0.0075;pz=1.2000;nm=4;pause=1;bench=1;armed=0;cmd=14
[WATCH] listen_status: phase=route_landing;px=0.0125;py=0.0075;pz=1.2000;nm=4;pause=1;bench=1;armed=0;cmd=14
[WATCH] listen_status: phase=route_landing;px=0.0125;py=0.0075;pz=1.2000;nm=4;pause=1;bench=1;armed=0;cmd=14
[WATCH] listen_status: phase=route_landing;px=0.0125;py=0.0075;pz=1.2000;nm=4;pause=1;bench=1;armed=0;cmd=14
[WATCH] listen_status: phase=route_landing;px=0.0125;py=0.0075;pz=1.2000;nm=4;pause=1;bench=1;armed=0;cmd=14
[WATCH] listen_status: phase=route_landing;px=0.0125;py=0.0075;pz=1.2000;nm=4;pause=1;bench=1;armed=0;cmd=14
[WATCH] listen_status: phase=route_landing;px=0.0125;py=0.0075;pz=1.2000;nm=4;pause=1;bench=1;armed=0;cmd=14
[WATCH] listen_status: phase=route_landing;px=0.0125;py=0.0075;pz=1.2000;nm=4;pause=1;bench=1;armed=0;cmd=14
[WATCH] listen_status: phase=route_landing;px=0.0125;py=0.0075;pz=1.2000;nm=4;pause=1;bench=1;armed=0;cmd=14
[WATCH] listen_status: phase=route_landing;px=0.0125;py=0.0075;pz=1.2000;nm=4;pause=1;bench=1;armed=0;cmd=14
[WATCH] listen_status: phase=route_landing;px=0.0125;py=0.0075;pz=1.2000;nm=4;pause=1;bench=1;armed=0;cmd=14
[WATCH] listen_status: phase=route_landing;px=0.0125;py=0.0075;pz=1.2000;nm=4;pause=1;bench=1;armed=0;cmd=14
[WATCH] listen_status: phase=route_landing;px=0.0125;py=0.0075;pz=1.2000;nm=4;pause=1;bench=1;armed=0;cmd=14
[WATCH] listen_status: phase=route_landing;px=0.0125;py=0.0075;pz=1.2000;nm=4;pause=1;bench=1;armed=0;cmd=14
[WATCH] listen_status: phase=route_landing;px=0.0125;py=0.0075;pz=1.2000;nm=4;pause=1;bench=1;armed=0;cmd=14
[WATCH] listen_status: phase=route_landing;px=0.0125;py=0.0075;pz=1.2000;nm=4;pause=1;bench=1;armed=0;cmd=14
[WATCH] listen_status: phase=route_landing;px=0.0125;py=0.0075;pz=1.2000;nm=4;pause=1;bench=1;armed=0;cmd=14
[WATCH] listen_status: phase=route_landing;px=0.0125;py=0.0075;pz=1.2000;nm=4;pause=1;bench=1;armed=0;cmd=14
[WATCH] listen_status: phase=route_landing;px=0.0125;py=0.0075;pz=1.2000;nm=4;pause=1;bench=1;armed=0;cmd=14
[WATCH] listen_status: phase=route_landing;px=0.0125;py=0.0075;pz=1.2000;nm=4;pause=1;bench=1;armed=0;cmd=14
[WATCH] listen_status: phase=route_landing;px=0.0125;py=0.0075;pz=1.2000;nm=4;pause=1;bench=1;armed=0;cmd=14
[WATCH] listen_status: phase=route_landing;px=0.0125;py=0.0075;pz=1.2000;nm=4;pause=1;bench=1;armed=0;cmd=14
[WATCH] listen_status: phase=route_landing;px=0.0125;py=0.0075;pz=1.2000;nm=4;pause=1;bench=1;armed=0;cmd=14
[WATCH] listen_status: phase=route_landing;px=0.0125;py=0.0075;pz=1.2000;nm=4;pause=1;bench=1;armed=0;cmd=14
[WATCH] listen_status: phase=route_landing;px=0.0125;py=0.0075;pz=1.2000;nm=4;pause=1;bench=1;armed=0;cmd=14
[WATCH] listen_status: phase=route_landing;px=0.0125;py=0.0075;pz=1.2000;nm=4;pause=1;bench=1;armed=0;cmd=14
[WATCH] listen_status: phase=route_landing;px=0.0125;py=0.0075;pz=1.2000;nm=4;pause=1;bench=1;armed=0;cmd=14
[WATCH] listen_status: phase=route_landing;px=0.0125;py=0.0075;pz=1.2000;nm=4;pause=1;bench=1;armed=0;cmd=14
[WATCH] listen_status: phase=route_landing;px=0.0125;py=0.0075;pz=1.2000;nm=4;pause=1;bench=1;armed=0;cmd=14
[WATCH] listen_status: phase=route_landing;px=0.0125;py=0.0075;pz=1.2000;nm=4;pause=1;bench=1;armed=0;cmd=14
[WATCH] listen_status: phase=route_landing;px=0.0125;py=0.0075;pz=1.2000;nm=4;pause=1;bench=1;armed=0;cmd=14
[WATCH] listen_status: phase=route_landing;px=0.0125;py=0.0075;pz=1.2000;nm=4;pause=1;bench=1;armed=0;cmd=14
[WATCH] listen_status: phase=route_landing;px=0.0125;py=0.0075;pz=1.2000;nm=4;pause=1;bench=1;armed=0;cmd=14
[WATCH] listen_status: phase=route_landing;px=0.0125;py=0.0075;pz=1.2000;nm=4;pause=1;bench=1;armed=0;cmd=14
[WATCH] listen_status: phase=route_landing;px=0.0125;py=0.0075;pz=1.2000;nm=4;pause=1;bench=1;armed=0;cmd=14
[WATCH] listen_status: phase=route_landing;px=0.0125;py=0.0075;pz=1.2000;nm=4;pause=1;bench=1;armed=0;cmd=14
[WATCH] listen_status: phase=route_landing;px=0.0125;py=0.0075;pz=1.2000;nm=4;pause=1;bench=1;armed=0;cmd=14
[WATCH] listen_status: phase=route_landing;px=0.0125;py=0.0075;pz=1.2000;nm=4;pause=1;bench=1;armed=0;cmd=14
[WATCH] listen_status: phase=route_landing;px=0.0125;py=0.0075;pz=1.2000;nm=4;pause=1;bench=1;armed=0;cmd=14
[WATCH] listen_status: phase=route_landing;px=0.0125;py=0.0075;pz=1.2000;nm=4;pause=1;bench=1;armed=0;cmd=14
[WATCH] listen_status: phase=route_landing;px=0.0125;py=0.0075;pz=1.2000;nm=4;pause=1;bench=1;armed=0;cmd=14
[WATCH] listen_status: phase=route_landing;px=0.0125;py=0.0075;pz=1.2000;nm=4;pause=1;bench=1;armed=0;cmd=14
[WATCH] listen_status: phase=route_landing;px=0.0125;py=0.0075;pz=1.2000;nm=4;pause=1;bench=1;armed=0;cmd=14
[WATCH] listen_status: phase=route_landing;px=0.0125;py=0.0075;pz=1.2000;nm=4;pause=1;bench=1;armed=0;cmd=14
[WATCH] listen_status: phase=route_landing;px=0.0125;py=0.0075;pz=1.2000;nm=4;pause=1;bench=1;armed=0;cmd=14
[WATCH] listen_status: phase=route_landing;px=0.0125;py=0.0075;pz=1.2000;nm=4;pause=1;bench=1;armed=0;cmd=14
[WATCH] listen_status: phase=route_landing;px=0.0125;py=0.0075;pz=1.2000;nm=4;pause=1;bench=1;armed=0;cmd=14
[WATCH] listen_status: phase=route_landing;px=0.0125;py=0.0075;pz=1.2000;nm=4;pause=1;bench=1;armed=0;cmd=14
[WATCH] listen_status: phase=route_landing;px=0.0125;py=0.0075;pz=1.2000;nm=4;pause=1;bench=1;armed=0;cmd=14
[WATCH] listen_status: phase=route_landing;px=0.0125;py=0.0075;pz=1.2000;nm=4;pause=1;bench=1;armed=0;cmd=14
[WATCH] listen_status: phase=route_landing;px=0.0125;py=0.0075;pz=1.2000;nm=4;pause=1;bench=1;armed=0;cmd=14
[WATCH] listen_status: phase=route_landing;px=0.0125;py=0.0075;pz=1.2000;nm=4;pause=1;bench=1;armed=0;cmd=14
[WATCH] listen_status: phase=route_landing;px=0.0125;py=0.0075;pz=1.2000;nm=4;pause=1;bench=1;armed=0;cmd=14
[WATCH] listen_status: phase=route_landing;px=0.0125;py=0.0075;pz=1.2000;nm=4;pause=1;bench=1;armed=0;cmd=14
[WATCH] listen_status: phase=route_landing;px=0.0125;py=0.0075;pz=1.2000;nm=4;pause=1;bench=1;armed=0;cmd=14
[WATCH] listen_status: phase=route_landing;px=0.0125;py=0.0075;pz=1.2000;nm=4;pause=1;bench=1;armed=0;cmd=14
[WATCH] listen_status: phase=route_landing;px=0.0125;py=0.0075;pz=1.2000;nm=4;pause=1;bench=1;armed=0;cmd=14
[WATCH] listen_status: phase=route_landing;px=0.0125;py=0.0075;pz=1.2000;nm=4;pause=1;bench=1;armed=0;cmd=14
[WATCH] listen_status: phase=route_landing;px=0.0125;py=0.0075;pz=1.2000;nm=4;pause=1;bench=1;armed=0;cmd=14
[WATCH] listen_status: phase=route_landing;px=0.0125;py=0.0075;pz=1.2000;nm=4;pause=1;bench=1;armed=0;cmd=14
[WATCH] listen_status: phase=route_landing;px=0.0125;py=0.0075;pz=1.2000;nm=4;pause=1;bench=1;armed=0;cmd=14
[WATCH] listen_status: phase=route_landing;px=0.0125;py=0.0075;pz=1.2000;nm=4;pause=1;bench=1;armed=0;cmd=14
[WATCH] listen_status: phase=route_landing;px=0.0125;py=0.0075;pz=1.2000;nm=4;pause=1;bench=1;armed=0;cmd=14
[WATCH] listen_status: phase=route_landing;px=0.0125;py=0.0075;pz=1.2000;nm=4;pause=1;bench=1;armed=0;cmd=14
[WATCH] listen_status: phase=route_landing;px=0.0125;py=0.0075;pz=1.2000;nm=4;pause=1;bench=1;armed=0;cmd=14
[WATCH] listen_status: phase=route_landing;px=0.0125;py=0.0075;pz=1.2000;nm=4;pause=1;bench=1;armed=0;cmd=14
[WATCH] listen_status: phase=route_landing;px=0.0125;py=0.0075;pz=1.2000;nm=4;pause=1;bench=1;armed=0;cmd=14
[WATCH] listen_status: phase=route_landing;px=0.0125;py=0.0075;pz=1.2000;nm=4;pause=1;bench=1;armed=0;cmd=14
[WATCH] listen_status: phase=route_landing;px=0.0125;py=0.0075;pz=1.2000;nm=4;pause=1;bench=1;armed=0;cmd=14
[WATCH] listen_status: phase=route_landing;px=0.0125;py=0.0075;pz=1.2000;nm=4;pause=1;bench=1;armed=0;cmd=14
[WATCH] listen_status: phase=route_landing;px=0.0125;py=0.0075;pz=1.2000;nm=4;pause=1;bench=1;armed=0;cmd=14
[WATCH] listen_status: phase=route_landing;px=0.0125;py=0.0075;pz=1.2000;nm=4;pause=1;bench=1;armed=0;cmd=14
[WATCH] listen_status: phase=route_landing;px=0.0125;py=0.0075;pz=1.2000;nm=4;pause=1;bench=1;armed=0;cmd=14
[WATCH] listen_status: phase=route_landing;px=0.0125;py=0.0075;pz=1.2000;nm=4;pause=1;bench=1;armed=0;cmd=14
[WATCH] listen_status: phase=route_landing;px=0.0125;py=0.0075;pz=1.2000;nm=4;pause=1;bench=1;armed=0;cmd=14
[WATCH] listen_status: phase=route_landing;px=0.0125;py=0.0075;pz=1.2000;nm=4;pause=1;bench=1;armed=0;cmd=14
[WATCH] listen_status: phase=route_landing;px=0.0125;py=0.0075;pz=1.2000;nm=4;pause=1;bench=1;armed=0;cmd=14
[WATCH] listen_status: phase=route_landing;px=0.0125;py=0.0075;pz=1.2000;nm=4;pause=1;bench=1;armed=0;cmd=14
[WATCH] listen_status: phase=route_landing;px=0.0125;py=0.0075;pz=1.2000;nm=4;pause=1;bench=1;armed=0;cmd=14
[WATCH] listen_status: phase=route_landing;px=0.0125;py=0.0075;pz=1.2000;nm=4;pause=1;bench=1;armed=0;cmd=14
[WATCH] listen_status: phase=route_landing;px=0.0125;py=0.0075;pz=1.2000;nm=4;pause=1;bench=1;armed=0;cmd=14
[WATCH] listen_status: phase=route_landing;px=0.0125;py=0.0075;pz=1.2000;nm=4;pause=1;bench=1;armed=0;cmd=14
[WATCH] listen_status: phase=route_landing;px=0.0125;py=0.0075;pz=1.2000;nm=4;pause=1;bench=1;armed=0;cmd=14
[WATCH] listen_status: phase=route_landing;px=0.0125;py=0.0075;pz=1.2000;nm=4;pause=1;bench=1;armed=0;cmd=14
[WATCH] listen_status: phase=route_landing;px=0.0125;py=0.0075;pz=1.2000;nm=4;pause=1;bench=1;armed=0;cmd=14
[WATCH] listen_status: phase=route_landing;px=0.0125;py=0.0075;pz=1.2000;nm=4;pause=1;bench=1;armed=0;cmd=14
[WATCH] listen_status: phase=route_landing;px=0.0125;py=0.0075;pz=1.2000;nm=4;pause=1;bench=1;armed=0;cmd=14
[WATCH] listen_status: phase=route_landing;px=0.0125;py=0.0075;pz=1.2000;nm=4;pause=1;bench=1;armed=0;cmd=14
[WATCH] listen_status: phase=route_landing;px=0.0125;py=0.0075;pz=1.2000;nm=4;pause=1;bench=1;armed=0;cmd=14
[WATCH] listen_status: phase=route_landing;px=0.0125;py=0.0075;pz=1.2000;nm=4;pause=1;bench=1;armed=0;cmd=14
[WATCH] listen_status: phase=route_landing;px=0.0125;py=0.0075;pz=1.2000;nm=4;pause=1;bench=1;armed=0;cmd=14
[WATCH] listen_status: phase=route_landing;px=0.0125;py=0.0075;pz=1.2000;nm=4;pause=1;bench=1;armed=0;cmd=14
[WATCH] listen_status: phase=route_landing;px=0.0125;py=0.0075;pz=1.2000;nm=4;pause=1;bench=1;armed=0;cmd=14
[WATCH] listen_status: phase=route_landing;px=0.0125;py=0.0075;pz=1.2000;nm=4;pause=1;bench=1;armed=0;cmd=14
[WATCH] listen_status: phase=route_landing;px=0.0125;py=0.0075;pz=1.2000;nm=4;pause=1;bench=1;armed=0;cmd=14
[WATCH] listen_status: phase=route_landing;px=0.0125;py=0.0075;pz=1.2000;nm=4;pause=1;bench=1;armed=0;cmd=14
[WATCH] listen_status: phase=route_landing;px=0.0125;py=0.0075;pz=1.2000;nm=4;pause=1;bench=1;armed=0;cmd=14
[WATCH] listen_status: phase=route_landing;px=0.0125;py=0.0075;pz=1.2000;nm=4;pause=1;bench=1;armed=0;cmd=14
[WATCH] listen_status: phase=route_landing;px=0.0125;py=0.0075;pz=1.2000;nm=4;pause=1;bench=1;armed=0;cmd=14
[WATCH] listen_status: phase=route_landing;px=0.0125;py=0.0075;pz=1.2000;nm=4;pause=1;bench=1;armed=0;cmd=14
[WATCH] listen_status: phase=route_landing;px=0.0125;py=0.0075;pz=1.2000;nm=4;pause=1;bench=1;armed=0;cmd=14
[WATCH] listen_status: phase=route_landing;px=0.0125;py=0.0075;pz=1.2000;nm=4;pause=1;bench=1;armed=0;cmd=14
[WATCH] listen_status: phase=route_landing;px=0.0125;py=0.0075;pz=1.2000;nm=4;pause=1;bench=1;armed=0;cmd=14
[WATCH] listen_status: phase=route_landing;px=0.0125;py=0.0075;pz=1.2000;nm=4;pause=1;bench=1;armed=0;cmd=14
[WATCH] listen_status: phase=route_landing;px=0.0125;py=0.0075;pz=1.2000;nm=4;pause=1;bench=1;armed=0;cmd=14
[WATCH] listen_status: phase=route_landing;px=0.0125;py=0.0075;pz=1.2000;nm=4;pause=1;bench=1;armed=0;cmd=14
[WATCH] listen_status: phase=route_landing;px=0.0125;py=0.0075;pz=1.2000;nm=4;pause=1;bench=1;armed=0;cmd=14
[WATCH] listen_status: phase=route_landing;px=0.0125;py=0.0075;pz=1.2000;nm=4;pause=1;bench=1;armed=0;cmd=14
[WATCH] listen_status: phase=route_landing;px=0.0125;py=0.0075;pz=1.2000;nm=4;pause=1;bench=1;armed=0;cmd=14
[WATCH] listen_status: phase=route_landing;px=0.0125;py=0.0075;pz=1.2000;nm=4;pause=1;bench=1;armed=0;cmd=14
[WATCH] listen_status: phase=route_landing;px=0.0125;py=0.0075;pz=1.2000;nm=4;pause=1;bench=1;armed=0;cmd=14
[WATCH] listen_status: phase=route_landing;px=0.0125;py=0.0075;pz=1.2000;nm=4;pause=1;bench=1;armed=0;cmd=14
[WATCH] listen_status: phase=route_landing;px=0.0125;py=0.0075;pz=1.2000;nm=4;pause=1;bench=1;armed=0;cmd=14
[WATCH] listen_status: phase=route_landing;px=0.0125;py=0.0075;pz=1.2000;nm=4;pause=1;bench=1;armed=0;cmd=14
[WATCH] listen_status: phase=route_landing;px=0.0125;py=0.0075;pz=1.2000;nm=4;pause=1;bench=1;armed=0;cmd=14
[WATCH] listen_status: phase=route_landing;px=0.0125;py=0.0075;pz=1.2000;nm=4;pause=1;bench=1;armed=0;cmd=14
[WATCH] listen_status: phase=route_landing;px=0.0125;py=0.0075;pz=1.2000;nm=4;pause=1;bench=1;armed=0;cmd=14
[WATCH] listen_status: phase=route_landing;px=0.0125;py=0.0075;pz=1.2000;nm=4;pause=1;bench=1;armed=0;cmd=14
[WATCH] listen_status: phase=route_landing;px=0.0125;py=0.0075;pz=1.2000;nm=4;pause=1;bench=1;armed=0;cmd=14
[WATCH] listen_status: phase=route_landing;px=0.0125;py=0.0075;pz=1.2000;nm=4;pause=1;bench=1;armed=0;cmd=14
[WATCH] listen_status: phase=route_landing;px=0.0125;py=0.0075;pz=1.2000;nm=4;pause=1;bench=1;armed=0;cmd=14
[WATCH] listen_status: phase=route_landing;px=0.0125;py=0.0075;pz=1.2000;nm=4;pause=1;bench=1;armed=0;cmd=14
[WATCH] listen_status: phase=route_landing;px=0.0125;py=0.0075;pz=1.2000;nm=4;pause=1;bench=1;armed=0;cmd=14
[WATCH] listen_status: phase=route_landing;px=0.0125;py=0.0075;pz=1.2000;nm=4;pause=1;bench=1;armed=0;cmd=14
[WATCH] listen_status: phase=route_landing;px=0.0125;py=0.0075;pz=1.2000;nm=4;pause=1;bench=1;armed=0;cmd=14
[WATCH] listen_status: phase=route_landing;px=0.0125;py=0.0075;pz=1.2000;nm=4;pause=1;bench=1;armed=0;cmd=14
[WATCH] listen_status: phase=route_landing;px=0.0125;py=0.0075;pz=1.2000;nm=4;pause=1;bench=1;armed=0;cmd=14
[WATCH] listen_status: phase=route_landing;px=0.0125;py=0.0075;pz=1.2000;nm=4;pause=1;bench=1;armed=0;cmd=14
[WATCH] listen_status: phase=route_landing;px=0.0125;py=0.0075;pz=1.2000;nm=4;pause=1;bench=1;armed=0;cmd=14
[WATCH] listen_status: phase=route_landing;px=0.0125;py=0.0075;pz=1.2000;nm=4;pause=1;bench=1;armed=0;cmd=14
[WATCH] listen_status: phase=route_landing;px=0.0125;py=0.0075;pz=1.2000;nm=4;pause=1;bench=1;armed=0;cmd=14
[WATCH] listen_status: phase=route_landing;px=0.0125;py=0.0075;pz=1.2000;nm=4;pause=1;bench=1;armed=0;cmd=14
[WATCH] listen_status: phase=route_landing;px=0.0125;py=0.0075;pz=1.2000;nm=4;pause=1;bench=1;armed=0;cmd=14
[WATCH] listen_status: phase=route_landing;px=0.0125;py=0.0075;pz=1.2000;nm=4;pause=1;bench=1;armed=0;cmd=14
[WATCH] listen_status: phase=route_landing;px=0.0125;py=0.0075;pz=1.2000;nm=4;pause=1;bench=1;armed=0;cmd=14
[WATCH] listen_status: phase=route_landing;px=0.0125;py=0.0075;pz=1.2000;nm=4;pause=1;bench=1;armed=0;cmd=14
[WATCH] listen_status: phase=route_landing;px=0.0125;py=0.0075;pz=1.2000;nm=4;pause=1;bench=1;armed=0;cmd=14
[WATCH] listen_status: phase=route_landing;px=0.0125;py=0.0075;pz=1.2000;nm=4;pause=1;bench=1;armed=0;cmd=14
[WATCH] listen_status: phase=route_landing;px=0.0125;py=0.0075;pz=1.2000;nm=4;pause=1;bench=1;armed=0;cmd=14
[WATCH] listen_status: phase=route_landing;px=0.0125;py=0.0075;pz=1.2000;nm=4;pause=1;bench=1;armed=0;cmd=14
[WATCH] listen_status: phase=route_landing;px=0.0125;py=0.0075;pz=1.2000;nm=4;pause=1;bench=1;armed=0;cmd=14
[WATCH] listen_status: phase=route_landing;px=0.0125;py=0.0075;pz=1.2000;nm=4;pause=1;bench=1;armed=0;cmd=14
[WATCH] listen_status: phase=route_landing;px=0.0125;py=0.0075;pz=1.2000;nm=4;pause=1;bench=1;armed=0;cmd=14
[WATCH] listen_status: phase=route_landing;px=0.0125;py=0.0075;pz=1.2000;nm=4;pause=1;bench=1;armed=0;cmd=14
[WATCH] listen_status: phase=route_landing;px=0.0125;py=0.0075;pz=1.2000;nm=4;pause=1;bench=1;armed=0;cmd=14
[WATCH] listen_status: phase=route_landing;px=0.0125;py=0.0075;pz=1.2000;nm=4;pause=1;bench=1;armed=0;cmd=14
[WATCH] listen_status: phase=route_landing;px=0.0125;py=0.0075;pz=1.2000;nm=4;pause=1;bench=1;armed=0;cmd=14
[WATCH] listen_status: phase=route_landing;px=0.0125;py=0.0075;pz=1.2000;nm=4;pause=1;bench=1;armed=0;cmd=14
[WATCH] listen_status: phase=route_landing;px=0.0125;py=0.0075;pz=1.2000;nm=4;pause=1;bench=1;armed=0;cmd=14
[WATCH] listen_status: phase=route_landing;px=0.0125;py=0.0075;pz=1.2000;nm=4;pause=1;bench=1;armed=0;cmd=14
[WATCH] listen_status: phase=route_landing;px=0.0125;py=0.0075;pz=1.2000;nm=4;pause=1;bench=1;armed=0;cmd=14
[WATCH] listen_status: phase=route_landing;px=0.0125;py=0.0075;pz=1.2000;nm=4;pause=1;bench=1;armed=0;cmd=14
[WATCH] listen_status: phase=route_landing;px=0.0125;py=0.0075;pz=1.2000;nm=4;pause=1;bench=1;armed=0;cmd=14
[WATCH] listen_status: phase=route_landing;px=0.0125;py=0.0075;pz=1.2000;nm=4;pause=1;bench=1;armed=0;cmd=14
[WATCH] listen_status: phase=route_landing;px=0.0125;py=0.0075;pz=1.2000;nm=4;pause=1;bench=1;armed=0;cmd=14
[WATCH] listen_status: phase=route_landing;px=0.0125;py=0.0075;pz=1.2000;nm=4;pause=1;bench=1;armed=0;cmd=14
[WATCH] listen_status: phase=route_landing;px=0.0125;py=0.0075;pz=1.2000;nm=4;pause=1;bench=1;armed=0;cmd=14
[WATCH] listen_status: phase=route_landing;px=0.0125;py=0.0075;pz=1.2000;nm=4;pause=1;bench=1;armed=0;cmd=14
[WATCH] listen_status: phase=route_landing;px=0.0125;py=0.0075;pz=1.2000;nm=4;pause=1;bench=1;armed=0;cmd=14
[WATCH] listen_status: phase=route_landing;px=0.0125;py=0.0075;pz=1.2000;nm=4;pause=1;bench=1;armed=0;cmd=14
[WATCH] listen_status: phase=route_landing;px=0.0125;py=0.0075;pz=1.2000;nm=4;pause=1;bench=1;armed=0;cmd=14
[WATCH] listen_status: phase=route_landing;px=0.0125;py=0.0075;pz=1.2000;nm=4;pause=1;bench=1;armed=0;cmd=14
[WATCH] listen_status: phase=route_landing;px=0.0125;py=0.0075;pz=1.2000;nm=4;pause=1;bench=1;armed=0;cmd=14
[WATCH] listen_status: phase=route_landing;px=0.0125;py=0.0075;pz=1.2000;nm=4;pause=1;bench=1;armed=0;cmd=14
[WATCH] listen_status: phase=route_landing;px=0.0125;py=0.0075;pz=1.2000;nm=4;pause=1;bench=1;armed=0;cmd=14
[WATCH] listen_status: phase=route_landing;px=0.0125;py=0.0075;pz=1.2000;nm=4;pause=1;bench=1;armed=0;cmd=14
[WATCH] listen_status: phase=route_landing;px=0.0125;py=0.0075;pz=1.2000;nm=4;pause=1;bench=1;armed=0;cmd=14
[WATCH] listen_status: phase=route_landing;px=0.0125;py=0.0075;pz=1.2000;nm=4;pause=1;bench=1;armed=0;cmd=14
[WATCH] listen_status: phase=route_landing;px=0.0125;py=0.0075;pz=1.2000;nm=4;pause=1;bench=1;armed=0;cmd=14
[WATCH] listen_status: phase=route_landing;px=0.0125;py=0.0075;pz=1.2000;nm=4;pause=1;bench=1;armed=0;cmd=14
[WATCH] listen_status: phase=route_landing;px=0.0125;py=0.0075;pz=1.2000;nm=4;pause=1;bench=1;armed=0;cmd=14
[WATCH] listen_status: phase=route_landing;px=0.0125;py=0.0075;pz=1.2000;nm=4;pause=1;bench=1;armed=0;cmd=14
[WATCH] listen_status: phase=route_landing;px=0.0125;py=0.0075;pz=1.2000;nm=4;pause=1;bench=1;armed=0;cmd=14
[WATCH] listen_status: phase=route_landing;px=0.0125;py=0.0075;pz=1.2000;nm=4;pause=1;bench=1;armed=0;cmd=14
[WATCH] listen_status: phase=route_landing;px=0.0125;py=0.0075;pz=1.2000;nm=4;pause=1;bench=1;armed=0;cmd=14
[WATCH] listen_status: phase=route_landing;px=0.0125;py=0.0075;pz=1.2000;nm=4;pause=1;bench=1;armed=0;cmd=14
[WATCH] listen_status: phase=route_landing;px=0.0125;py=0.0075;pz=1.2000;nm=4;pause=1;bench=1;armed=0;cmd=14
[WATCH] listen_status: phase=route_landing;px=0.0125;py=0.0075;pz=1.2000;nm=4;pause=1;bench=1;armed=0;cmd=14
[WATCH] listen_status: phase=route_landing;px=0.0125;py=0.0075;pz=1.2000;nm=4;pause=1;bench=1;armed=0;cmd=14
[WATCH] listen_status: phase=route_landing;px=0.0125;py=0.0075;pz=1.2000;nm=4;pause=1;bench=1;armed=0;cmd=14
[WATCH] listen_status: phase=route_landing;px=0.0125;py=0.0075;pz=1.2000;nm=4;pause=1;bench=1;armed=0;cmd=14
[WATCH] listen_status: phase=route_landing;px=0.0125;py=0.0075;pz=1.2000;nm=4;pause=1;bench=1;armed=0;cmd=14
[WATCH] listen_status: phase=route_landing;px=0.0125;py=0.0075;pz=1.2000;nm=4;pause=1;bench=1;armed=0;cmd=14
[WATCH] listen_status: phase=route_landing;px=0.0125;py=0.0075;pz=1.2000;nm=4;pause=1;bench=1;armed=0;cmd=14
[WATCH] listen_status: phase=route_landing;px=0.0125;py=0.0075;pz=1.2000;nm=4;pause=1;bench=1;armed=0;cmd=14
[WATCH] listen_status: phase=route_landing;px=0.0125;py=0.0075;pz=1.2000;nm=4;pause=1;bench=1;armed=0;cmd=14
[WATCH] listen_status: phase=route_landing;px=0.0125;py=0.0075;pz=1.2000;nm=4;pause=1;bench=1;armed=0;cmd=14
[WATCH] listen_status: phase=route_landing;px=0.0125;py=0.0075;pz=1.2000;nm=4;pause=1;bench=1;armed=0;cmd=14
[WATCH] listen_status: phase=route_landing;px=0.0125;py=0.0075;pz=1.2000;nm=4;pause=1;bench=1;armed=0;cmd=14
[WATCH] listen_status: phase=route_landing;px=0.0125;py=0.0075;pz=1.2000;nm=4;pause=1;bench=1;armed=0;cmd=14
[WATCH] listen_status: phase=route_landing;px=0.0125;py=0.0075;pz=1.2000;nm=4;pause=1;bench=1;armed=0;cmd=14
[WATCH] listen_status: phase=route_landing;px=0.0125;py=0.0075;pz=1.2000;nm=4;pause=1;bench=1;armed=0;cmd=14
[WATCH] listen_status: phase=route_landing;px=0.0125;py=0.0075;pz=1.2000;nm=4;pause=1;bench=1;armed=0;cmd=14
[WATCH] listen_status: phase=route_landing;px=0.0125;py=0.0075;pz=1.2000;nm=4;pause=1;bench=1;armed=0;cmd=14
[WATCH] listen_status: phase=route_landing;px=0.0125;py=0.0075;pz=1.2000;nm=4;pause=1;bench=1;armed=0;cmd=14
[WATCH] listen_status: phase=route_landing;px=0.0125;py=0.0075;pz=1.2000;nm=4;pause=1;bench=1;armed=0;cmd=14
[WATCH] listen_status: phase=route_landing;px=0.0125;py=0.0075;pz=1.2000;nm=4;pause=1;bench=1;armed=0;cmd=14
[WATCH] listen_status: phase=route_landing;px=0.0125;py=0.0075;pz=1.2000;nm=4;pause=1;bench=1;armed=0;cmd=14
[WATCH] listen_status: phase=route_landing;px=0.0125;py=0.0075;pz=1.2000;nm=4;pause=1;bench=1;armed=0;cmd=14
[WATCH] listen_status: phase=route_landing;px=0.0125;py=0.0075;pz=1.2000;nm=4;pause=1;bench=1;armed=0;cmd=14
[WATCH] listen_status: phase=route_landing;px=0.0125;py=0.0075;pz=1.2000;nm=4;pause=1;bench=1;armed=0;cmd=14
[WATCH] listen_status: phase=route_landing;px=0.0125;py=0.0075;pz=1.2000;nm=4;pause=1;bench=1;armed=0;cmd=14
[WATCH] listen_status: phase=route_landing;px=0.0125;py=0.0075;pz=1.2000;nm=4;pause=1;bench=1;armed=0;cmd=14
[WATCH] listen_status: phase=route_landing;px=0.0125;py=0.0075;pz=1.2000;nm=4;pause=1;bench=1;armed=0;cmd=14
[WATCH] listen_status: phase=route_landing;px=0.0125;py=0.0075;pz=1.2000;nm=4;pause=1;bench=1;armed=0;cmd=14
[WATCH] listen_status: phase=route_landing;px=0.0125;py=0.0075;pz=1.2000;nm=4;pause=1;bench=1;armed=0;cmd=14
[WATCH] listen_status: phase=route_landing;px=0.0125;py=0.0075;pz=1.2000;nm=4;pause=1;bench=1;armed=0;cmd=14
[WATCH] listen_status: phase=route_landing;px=0.0125;py=0.0075;pz=1.2000;nm=4;pause=1;bench=1;armed=0;cmd=14
[WATCH] listen_status: phase=route_landing;px=0.0125;py=0.0075;pz=1.2000;nm=4;pause=1;bench=1;armed=0;cmd=14
[WATCH] listen_status: phase=route_landing;px=0.0125;py=0.0075;pz=1.2000;nm=4;pause=1;bench=1;armed=0;cmd=14
[WATCH] listen_status: phase=route_landing;px=0.0125;py=0.0075;pz=1.2000;nm=4;pause=1;bench=1;armed=0;cmd=14
[WATCH] listen_status: phase=route_landing;px=0.0125;py=0.0075;pz=1.2000;nm=4;pause=1;bench=1;armed=0;cmd=14
[WATCH] listen_status: phase=route_landing;px=0.0125;py=0.0075;pz=1.2000;nm=4;pause=1;bench=1;armed=0;cmd=14
[WATCH] listen_status: phase=route_landing;px=0.0125;py=0.0075;pz=1.2000;nm=4;pause=1;bench=1;armed=0;cmd=14
[WATCH] listen_status: phase=route_landing;px=0.0125;py=0.0075;pz=1.2000;nm=4;pause=1;bench=1;armed=0;cmd=14
[WATCH] listen_status: phase=route_landing;px=0.0125;py=0.0075;pz=1.2000;nm=4;pause=1;bench=1;armed=0;cmd=14
[WATCH] listen_status: phase=route_landing;px=0.0125;py=0.0075;pz=1.2000;nm=4;pause=1;bench=1;armed=0;cmd=14
[WATCH] listen_status: phase=route_landing;px=0.0125;py=0.0075;pz=1.2000;nm=4;pause=1;bench=1;armed=0;cmd=14
[WATCH] listen_status: phase=route_landing;px=0.0125;py=0.0075;pz=1.2000;nm=4;pause=1;bench=1;armed=0;cmd=14
[WATCH] listen_status: phase=route_landing;px=0.0125;py=0.0075;pz=1.2000;nm=4;pause=1;bench=1;armed=0;cmd=14
[WATCH] listen_status: phase=route_landing;px=0.0125;py=0.0075;pz=1.2000;nm=4;pause=1;bench=1;armed=0;cmd=14
[WATCH] listen_status: phase=route_landing;px=0.0125;py=0.0075;pz=1.2000;nm=4;pause=1;bench=1;armed=0;cmd=14
[WATCH] listen_status: phase=route_landing;px=0.0125;py=0.0075;pz=1.2000;nm=4;pause=1;bench=1;armed=0;cmd=14
[WATCH] listen_status: phase=route_landing;px=0.0125;py=0.0075;pz=1.2000;nm=4;pause=1;bench=1;armed=0;cmd=14
[WATCH] listen_status: phase=route_landing;px=0.0125;py=0.0075;pz=1.2000;nm=4;pause=1;bench=1;armed=0;cmd=14
[WATCH] listen_status: phase=route_landing;px=0.0125;py=0.0075;pz=1.2000;nm=4;pause=1;bench=1;armed=0;cmd=14
[WATCH] listen_status: phase=route_landing;px=0.0125;py=0.0075;pz=1.2000;nm=4;pause=1;bench=1;armed=0;cmd=14
[WATCH] listen_status: phase=route_landing;px=0.0125;py=0.0075;pz=1.2000;nm=4;pause=1;bench=1;armed=0;cmd=14
[WATCH] listen_status: phase=route_landing;px=0.0125;py=0.0075;pz=1.2000;nm=4;pause=1;bench=1;armed=0;cmd=14
[WATCH] listen_status: phase=route_landing;px=0.0125;py=0.0075;pz=1.2000;nm=4;pause=1;bench=1;armed=0;cmd=14
[WATCH] listen_status: phase=route_landing;px=0.0125;py=0.0075;pz=1.2000;nm=4;pause=1;bench=1;armed=0;cmd=14
[WATCH] listen_status: phase=route_landing;px=0.0125;py=0.0075;pz=1.2000;nm=4;pause=1;bench=1;armed=0;cmd=14
[WATCH] listen_status: phase=route_landing;px=0.0125;py=0.0075;pz=1.2000;nm=4;pause=1;bench=1;armed=0;cmd=14
[WATCH] listen_status: phase=route_landing;px=0.0125;py=0.0075;pz=1.2000;nm=4;pause=1;bench=1;armed=0;cmd=14
[WATCH] listen_status: phase=route_landing;px=0.0125;py=0.0075;pz=1.2000;nm=4;pause=1;bench=1;armed=0;cmd=14
[WATCH] listen_status: phase=route_landing;px=0.0125;py=0.0075;pz=1.2000;nm=4;pause=1;bench=1;armed=0;cmd=14
[WATCH] listen_status: phase=route_landing;px=0.0125;py=0.0075;pz=1.2000;nm=4;pause=1;bench=1;armed=0;cmd=14
[WATCH] listen_status: phase=route_landing;px=0.0125;py=0.0075;pz=1.2000;nm=4;pause=1;bench=1;armed=0;cmd=14
[WATCH] listen_status: phase=route_landing;px=0.0125;py=0.0075;pz=1.2000;nm=4;pause=1;bench=1;armed=0;cmd=14
[WATCH] listen_status: phase=route_landing;px=0.0125;py=0.0075;pz=1.2000;nm=4;pause=1;bench=1;armed=0;cmd=14
[WATCH] listen_status: phase=route_landing;px=0.0125;py=0.0075;pz=1.2000;nm=4;pause=1;bench=1;armed=0;cmd=14
[WATCH] listen_status: phase=route_landing;px=0.0125;py=0.0075;pz=1.2000;nm=4;pause=1;bench=1;armed=0;cmd=14
[WATCH] listen_status: phase=route_landing;px=0.0125;py=0.0075;pz=1.2000;nm=4;pause=1;bench=1;armed=0;cmd=14
[WATCH] listen_status: phase=route_landing;px=0.0125;py=0.0075;pz=1.2000;nm=4;pause=1;bench=1;armed=0;cmd=14
[WATCH] listen_status: phase=route_landing;px=0.0125;py=0.0075;pz=1.2000;nm=4;pause=1;bench=1;armed=0;cmd=14
[WATCH] listen_status: phase=route_landing;px=0.0125;py=0.0075;pz=1.2000;nm=4;pause=1;bench=1;armed=0;cmd=14
[WATCH] listen_status: phase=route_landing;px=0.0125;py=0.0075;pz=1.2000;nm=4;pause=1;bench=1;armed=0;cmd=14
[WATCH] listen_status: phase=route_landing;px=0.0125;py=0.0075;pz=1.2000;nm=4;pause=1;bench=1;armed=0;cmd=14
[WATCH] listen_status: phase=route_landing;px=0.0125;py=0.0075;pz=1.2000;nm=4;pause=1;bench=1;armed=0;cmd=14
[WATCH] listen_status: phase=route_landing;px=0.0125;py=0.0075;pz=1.2000;nm=4;pause=1;bench=1;armed=0;cmd=14
[WATCH] listen_status: phase=route_landing;px=0.0125;py=0.0075;pz=1.2000;nm=4;pause=1;bench=1;armed=0;cmd=14
[WATCH] listen_status: phase=route_landing;px=0.0125;py=0.0075;pz=1.2000;nm=4;pause=1;bench=1;armed=0;cmd=14
[WATCH] listen_status: phase=route_landing;px=0.0125;py=0.0075;pz=1.2000;nm=4;pause=1;bench=1;armed=0;cmd=14
[WATCH] listen_status: phase=route_landing;px=0.0125;py=0.0075;pz=1.2000;nm=4;pause=1;bench=1;armed=0;cmd=14
[WATCH] listen_status: phase=route_landing;px=0.0125;py=0.0075;pz=1.2000;nm=4;pause=1;bench=1;armed=0;cmd=14
[WATCH] listen_status: phase=route_landing;px=0.0125;py=0.0075;pz=1.2000;nm=4;pause=1;bench=1;armed=0;cmd=14
[WATCH] listen_status: phase=route_landing;px=0.0125;py=0.0075;pz=1.2000;nm=4;pause=1;bench=1;armed=0;cmd=14
[WATCH] listen_status: phase=route_landing;px=0.0125;py=0.0075;pz=1.2000;nm=4;pause=1;bench=1;armed=0;cmd=14
[WATCH] listen_status: phase=route_landing;px=0.0125;py=0.0075;pz=1.2000;nm=4;pause=1;bench=1;armed=0;cmd=14
[WATCH] listen_status: phase=route_landing;px=0.0125;py=0.0075;pz=1.2000;nm=4;pause=1;bench=1;armed=0;cmd=14
[WATCH] listen_status: phase=route_landing;px=0.0125;py=0.0075;pz=1.2000;nm=4;pause=1;bench=1;armed=0;cmd=14
[WATCH] listen_status: phase=route_landing;px=0.0125;py=0.0075;pz=1.2000;nm=4;pause=1;bench=1;armed=0;cmd=14
[WATCH] listen_status: phase=route_landing;px=0.0125;py=0.0075;pz=1.2000;nm=4;pause=1;bench=1;armed=0;cmd=14
[WATCH] listen_status: phase=route_landing;px=0.0125;py=0.0075;pz=1.2000;nm=4;pause=1;bench=1;armed=0;cmd=14
[WATCH] listen_status: phase=route_landing;px=0.0125;py=0.0075;pz=1.2000;nm=4;pause=1;bench=1;armed=0;cmd=14
[WATCH] listen_status: phase=route_landing;px=0.0125;py=0.0075;pz=1.2000;nm=4;pause=1;bench=1;armed=0;cmd=14
[WATCH] listen_status: phase=route_landing;px=0.0125;py=0.0075;pz=1.2000;nm=4;pause=1;bench=1;armed=0;cmd=14
[WATCH] listen_status: phase=route_landing;px=0.0125;py=0.0075;pz=1.2000;nm=4;pause=1;bench=1;armed=0;cmd=14
[WATCH] listen_status: phase=route_landing;px=0.0125;py=0.0075;pz=1.2000;nm=4;pause=1;bench=1;armed=0;cmd=14
[WATCH] listen_status: phase=route_landing;px=0.0125;py=0.0075;pz=1.2000;nm=4;pause=1;bench=1;armed=0;cmd=14
[WATCH] listen_status: phase=route_landing;px=0.0125;py=0.0075;pz=1.2000;nm=4;pause=1;bench=1;armed=0;cmd=14
[WATCH] listen_status: phase=route_landing;px=0.0125;py=0.0075;pz=1.2000;nm=4;pause=1;bench=1;armed=0;cmd=14
[WATCH] listen_status: phase=route_landing;px=0.0125;py=0.0075;pz=1.2000;nm=4;pause=1;bench=1;armed=0;cmd=14
[WATCH] listen_status: phase=route_landing;px=0.0125;py=0.0075;pz=1.2000;nm=4;pause=1;bench=1;armed=0;cmd=14
[WATCH] listen_status: phase=route_landing;px=0.0125;py=0.0075;pz=1.2000;nm=4;pause=1;bench=1;armed=0;cmd=14
[WATCH] listen_status: phase=route_landing;px=0.0125;py=0.0075;pz=1.2000;nm=4;pause=1;bench=1;armed=0;cmd=14
[WATCH] listen_status: phase=route_landing;px=0.0125;py=0.0075;pz=1.2000;nm=4;pause=1;bench=1;armed=0;cmd=14
[WATCH] listen_status: phase=route_landing;px=0.0125;py=0.0075;pz=1.2000;nm=4;pause=1;bench=1;armed=0;cmd=14
[WATCH] listen_status: phase=route_landing;px=0.0125;py=0.0075;pz=1.2000;nm=4;pause=1;bench=1;armed=0;cmd=14
[WATCH] listen_status: phase=route_landing;px=0.0125;py=0.0075;pz=1.2000;nm=4;pause=1;bench=1;armed=0;cmd=14
[WATCH] listen_status: phase=route_landing;px=0.0125;py=0.0075;pz=1.2000;nm=4;pause=1;bench=1;armed=0;cmd=14
[WATCH] listen_status: phase=route_landing;px=0.0125;py=0.0075;pz=1.2000;nm=4;pause=1;bench=1;armed=0;cmd=14
[WATCH] listen_status: phase=route_landing;px=0.0125;py=0.0075;pz=1.2000;nm=4;pause=1;bench=1;armed=0;cmd=14
[WATCH] listen_status: phase=route_landing;px=0.0125;py=0.0075;pz=1.2000;nm=4;pause=1;bench=1;armed=0;cmd=14
[WATCH] listen_status: phase=route_landing;px=0.0125;py=0.0075;pz=1.2000;nm=4;pause=1;bench=1;armed=0;cmd=14
[WATCH] listen_status: phase=route_landing;px=0.0125;py=0.0075;pz=1.2000;nm=4;pause=1;bench=1;armed=0;cmd=14
[WATCH] listen_status: phase=route_landing;px=0.0125;py=0.0075;pz=1.2000;nm=4;pause=1;bench=1;armed=0;cmd=14
[WATCH] listen_status: phase=route_landing;px=0.0125;py=0.0075;pz=1.2000;nm=4;pause=1;bench=1;armed=0;cmd=14
[WATCH] listen_status: phase=route_landing;px=0.0125;py=0.0075;pz=1.2000;nm=4;pause=1;bench=1;armed=0;cmd=14
[WATCH] listen_status: phase=route_landing;px=0.0125;py=0.0075;pz=1.2000;nm=4;pause=1;bench=1;armed=0;cmd=14
[WATCH] listen_status: phase=route_landing;px=0.0125;py=0.0075;pz=1.2000;nm=4;pause=1;bench=1;armed=0;cmd=14
[WATCH] listen_status: phase=route_landing;px=0.0125;py=0.0075;pz=1.2000;nm=4;pause=1;bench=1;armed=0;cmd=14
[WATCH] listen_status: phase=route_landing;px=0.0125;py=0.0075;pz=1.2000;nm=4;pause=1;bench=1;armed=0;cmd=14
[WATCH] listen_status: phase=route_landing;px=0.0125;py=0.0075;pz=1.2000;nm=4;pause=1;bench=1;armed=0;cmd=14
[WATCH] listen_status: phase=route_landing;px=0.0125;py=0.0075;pz=1.2000;nm=4;pause=1;bench=1;armed=0;cmd=14
[WATCH] listen_status: phase=route_landing;px=0.0125;py=0.0075;pz=1.2000;nm=4;pause=1;bench=1;armed=0;cmd=14
[WATCH] listen_status: phase=route_landing;px=0.0125;py=0.0075;pz=1.2000;nm=4;pause=1;bench=1;armed=0;cmd=14
[WATCH] listen_status: phase=route_landing;px=0.0125;py=0.0075;pz=1.2000;nm=4;pause=1;bench=1;armed=0;cmd=14
[WATCH] listen_status: phase=route_landing;px=0.0125;py=0.0075;pz=1.2000;nm=4;pause=1;bench=1;armed=0;cmd=14
[WATCH] listen_status: phase=route_landing;px=0.0125;py=0.0075;pz=1.2000;nm=4;pause=1;bench=1;armed=0;cmd=14
[WATCH] listen_status: phase=route_landing;px=0.0125;py=0.0075;pz=1.2000;nm=4;pause=1;bench=1;armed=0;cmd=14
[WATCH] listen_status: phase=route_landing;px=0.0125;py=0.0075;pz=1.2000;nm=4;pause=1;bench=1;armed=0;cmd=14
[WATCH] listen_status: phase=route_landing;px=0.0125;py=0.0075;pz=1.2000;nm=4;pause=1;bench=1;armed=0;cmd=14
[WATCH] listen_status: phase=route_landing;px=0.0125;py=0.0075;pz=1.2000;nm=4;pause=1;bench=1;armed=0;cmd=14
[WATCH] listen_status: phase=route_landing;px=0.0125;py=0.0075;pz=1.2000;nm=4;pause=1;bench=1;armed=0;cmd=14
[WATCH] listen_status: phase=route_landing;px=0.0125;py=0.0075;pz=1.2000;nm=4;pause=1;bench=1;armed=0;cmd=14
[WATCH] listen_status: phase=route_landing;px=0.0125;py=0.0075;pz=1.2000;nm=4;pause=1;bench=1;armed=0;cmd=14
[WATCH] listen_status: phase=route_landing;px=0.0125;py=0.0075;pz=1.2000;nm=4;pause=1;bench=1;armed=0;cmd=14
[WATCH] listen_status: phase=route_landing;px=0.0125;py=0.0075;pz=1.2000;nm=4;pause=1;bench=1;armed=0;cmd=14
[WATCH] listen_status: phase=route_landing;px=0.0125;py=0.0075;pz=1.2000;nm=4;pause=1;bench=1;armed=0;cmd=14
[WATCH] listen_status: phase=route_landing;px=0.0125;py=0.0075;pz=1.2000;nm=4;pause=1;bench=1;armed=0;cmd=14
[WATCH] listen_status: phase=route_landing;px=0.0125;py=0.0075;pz=1.2000;nm=4;pause=1;bench=1;armed=0;cmd=14
[WATCH] listen_status: phase=route_landing;px=0.0125;py=0.0075;pz=1.2000;nm=4;pause=1;bench=1;armed=0;cmd=14
[WATCH] listen_status: phase=route_landing;px=0.0125;py=0.0075;pz=1.2000;nm=4;pause=1;bench=1;armed=0;cmd=14
[WATCH] listen_status: phase=route_landing;px=0.0125;py=0.0075;pz=1.2000;nm=4;pause=1;bench=1;armed=0;cmd=14
[WATCH] listen_status: phase=route_landing;px=0.0125;py=0.0075;pz=1.2000;nm=4;pause=1;bench=1;armed=0;cmd=14
[WATCH] listen_status: phase=route_landing;px=0.0125;py=0.0075;pz=1.2000;nm=4;pause=1;bench=1;armed=0;cmd=14
[WATCH] listen_status: phase=route_landing;px=0.0125;py=0.0075;pz=1.2000;nm=4;pause=1;bench=1;armed=0;cmd=14
[WATCH] listen_status: phase=route_landing;px=0.0125;py=0.0075;pz=1.2000;nm=4;pause=1;bench=1;armed=0;cmd=14
[WATCH] listen_status: phase=route_landing;px=0.0125;py=0.0075;pz=1.2000;nm=4;pause=1;bench=1;armed=0;cmd=14
[WATCH] listen_status: phase=route_landing;px=0.0125;py=0.0075;pz=1.2000;nm=4;pause=1;bench=1;armed=0;cmd=14
[WARN] [1786414159.972827]: [WATCH] monitoring /uav1 pause/demo/vision/out/listen_status
[WATCH] listen_status: phase=route_landing;px=0.0125;py=0.0075;pz=1.2000;nm=4;pause=1;bench=1;armed=0;cmd=14
[WATCH] listen_status: phase=route_landing;px=0.0125;py=0.0075;pz=1.2000;nm=4;pause=1;bench=1;armed=0;cmd=14
[WATCH] listen_status: phase=route_landing;px=0.0125;py=0.0075;pz=1.2000;nm=4;pause=1;bench=1;armed=0;cmd=14
[WATCH] listen_status: phase=route_landing;px=0.0125;py=0.0075;pz=1.2000;nm=4;pause=1;bench=1;armed=0;cmd=14
[WATCH] listen_status: phase=route_landing;px=0.0125;py=0.0075;pz=1.2000;nm=4;pause=1;bench=1;armed=0;cmd=14
[WATCH] listen_status: phase=route_landing;px=0.0125;py=0.0075;pz=1.2000;nm=4;pause=1;bench=1;armed=0;cmd=14
[WATCH] listen_status: phase=route_landing;px=0.0125;py=0.0075;pz=1.2000;nm=4;pause=1;bench=1;armed=0;cmd=14
[WATCH] listen_status: phase=route_landing;px=0.0125;py=0.0075;pz=1.2000;nm=4;pause=1;bench=1;armed=0;cmd=14
[WATCH] listen_status: phase=route_landing;px=0.0125;py=0.0075;pz=1.2000;nm=4;pause=1;bench=1;armed=0;cmd=14
[WATCH] listen_status: phase=route_landing;px=0.0125;py=0.0075;pz=1.2000;nm=4;pause=1;bench=1;armed=0;cmd=14
[WATCH] listen_status: phase=route_landing;px=0.0125;py=0.0075;pz=1.2000;nm=4;pause=1;bench=1;armed=0;cmd=14
[WATCH] listen_status: phase=route_landing;px=0.0125;py=0.0075;pz=1.2000;nm=4;pause=1;bench=1;armed=0;cmd=14
[WATCH] listen_status: phase=route_landing;px=0.0125;py=0.0075;pz=1.2000;nm=4;pause=1;bench=1;armed=0;cmd=14
[WATCH] listen_status: phase=route_landing;px=0.0125;py=0.0075;pz=1.2000;nm=4;pause=1;bench=1;armed=0;cmd=14
[WATCH] listen_status: phase=route_landing;px=0.0125;py=0.0075;pz=1.2000;nm=4;pause=1;bench=1;armed=0;cmd=14
[WATCH] listen_status: phase=route_landing;px=0.0125;py=0.0075;pz=1.2000;nm=4;pause=1;bench=1;armed=0;cmd=14
[WATCH] listen_status: phase=route_landing;px=0.0125;py=0.0075;pz=1.2000;nm=4;pause=1;bench=1;armed=0;cmd=14
[WATCH] listen_status: phase=route_landing;px=0.0125;py=0.0075;pz=1.2000;nm=4;pause=1;bench=1;armed=0;cmd=14
[WATCH] listen_status: phase=route_landing;px=0.0125;py=0.0075;pz=1.2000;nm=4;pause=1;bench=1;armed=0;cmd=14
[WATCH] listen_status: phase=route_landing;px=0.0125;py=0.0075;pz=1.2000;nm=4;pause=1;bench=1;armed=0;cmd=14
[WATCH] listen_status: phase=route_landing;px=0.0125;py=0.0075;pz=1.2000;nm=4;pause=1;bench=1;armed=0;cmd=14
[WATCH] listen_status: phase=route_landing;px=0.0125;py=0.0075;pz=1.2000;nm=4;pause=1;bench=1;armed=0;cmd=14
[WATCH] listen_status: phase=route_landing;px=0.0125;py=0.0075;pz=1.2000;nm=4;pause=1;bench=1;armed=0;cmd=14
[WATCH] listen_status: phase=route_landing;px=0.0125;py=0.0075;pz=1.2000;nm=4;pause=1;bench=1;armed=0;cmd=14
[WATCH] listen_status: phase=route_landing;px=0.0125;py=0.0075;pz=1.2000;nm=4;pause=1;bench=1;armed=0;cmd=14
[WATCH] listen_status: phase=route_landing;px=0.0125;py=0.0075;pz=1.2000;nm=4;pause=1;bench=1;armed=0;cmd=14
[WATCH] listen_status: phase=route_landing;px=0.0125;py=0.0075;pz=1.2000;nm=4;pause=1;bench=1;armed=0;cmd=14
[WATCH] listen_status: phase=route_landing;px=0.0125;py=0.0075;pz=1.2000;nm=4;pause=1;bench=1;armed=0;cmd=14
[WATCH] listen_status: phase=route_landing;px=0.0125;py=0.0075;pz=1.2000;nm=4;pause=1;bench=1;armed=0;cmd=14
[WATCH] listen_status: phase=route_landing;px=0.0125;py=0.0075;pz=1.2000;nm=4;pause=1;bench=1;armed=0;cmd=14
[WATCH] listen_status: phase=route_landing;px=0.0125;py=0.0075;pz=1.2000;nm=4;pause=1;bench=1;armed=0;cmd=14
[WATCH] listen_status: phase=route_landing;px=0.0125;py=0.0075;pz=1.2000;nm=4;pause=1;bench=1;armed=0;cmd=14
[WATCH] listen_status: phase=route_landing;px=0.0125;py=0.0075;pz=1.2000;nm=4;pause=1;bench=1;armed=0;cmd=14
[WATCH] listen_status: phase=route_landing;px=0.0125;py=0.0075;pz=1.2000;nm=4;pause=1;bench=1;armed=0;cmd=14
[WATCH] listen_status: phase=route_landing;px=0.0125;py=0.0075;pz=1.2000;nm=4;pause=1;bench=1;armed=0;cmd=14
[WATCH] listen_status: phase=route_landing;px=0.0125;py=0.0075;pz=1.2000;nm=4;pause=1;bench=1;armed=0;cmd=14
[WATCH] listen_status: phase=route_landing;px=0.0125;py=0.0075;pz=1.2000;nm=4;pause=1;bench=1;armed=0;cmd=14
[WATCH] listen_status: phase=route_landing;px=0.0125;py=0.0075;pz=1.2000;nm=4;pause=1;bench=1;armed=0;cmd=14
[WATCH] listen_status: phase=route_landing;px=0.0125;py=0.0075;pz=1.2000;nm=4;pause=1;bench=1;armed=0;cmd=14
[WATCH] listen_status: phase=route_landing;px=0.0125;py=0.0075;pz=1.2000;nm=4;pause=1;bench=1;armed=0;cmd=14
[WATCH] listen_status: phase=route_landing;px=0.0125;py=0.0075;pz=1.2000;nm=4;pause=1;bench=1;armed=0;cmd=14
[WATCH] listen_status: phase=route_landing;px=0.0125;py=0.0075;pz=1.2000;nm=4;pause=1;bench=1;armed=0;cmd=14
